Sample	Treatment	Position	Ref	Alt	Quality	Variant_Type	Effect	Impact	Gene_ID	Nearest_Gene	Nearest_Gene_SC_ID	Nearest_Gene_ERG	Distance	Position_Relative
CAS-55-1	CAS	49467	G	A	225.417	SNV	missense_variant	MODERATE	W3030G00340	W3030G02340	YGL012W	ERG4	420381	upstream
CAS-55-1	CAS	163010	CA	C	51.5167	DELETION	upstream_gene_variant	MODIFIER	W3030G00840	W3030G02340	YGL012W	ERG4	306838	upstream
CAS-55-1	CAS	163383	CA	C	105.947	DELETION	upstream_gene_variant	MODIFIER	W3030G00840	W3030G02340	YGL012W	ERG4	306465	upstream
CAS-55-1	CAS	363370	TA	T	81.6781	DELETION	upstream_gene_variant	MODIFIER	W3030G01750	W3030G02340	YGL012W	ERG4	106478	upstream
CAS-55-1	CAS	394427	GA	G	73.3203	DELETION	upstream_gene_variant	MODIFIER	W3030G01930	W3030G02340	YGL012W	ERG4	75421	upstream
CAS-55-1	CAS	443718	C	A	225.417	SNV	missense_variant	MODERATE	W3030G02200	W3030G02340	YGL012W	ERG4	26130	upstream
CAS-55-1	CAS	482499	G	GC	228.324	INSERTION	upstream_gene_variant	MODIFIER	W3030G02380	W3030G02340	YGL012W	ERG4	11229	downstream
CAS-55-1	CAS	495097	AT	A	211.385	DELETION	upstream_gene_variant	MODIFIER	W3030G02420	W3030G02340	YGL012W	ERG4	23827	downstream
CAS-55-1	CAS	527740	TACG	T	228.315	DELETION	disruptive_inframe_deletion	MODERATE	W3030G02640	W3030G02340	YGL012W	ERG4	56470	downstream
CAS-55-1	CAS	552359	T	C	225.417	SNV	upstream_gene_variant	MODIFIER	W3030G02740	W3030G02990	YGR060W	ERG25	55332	upstream
CAS-55-1	CAS	579658	TA	T	34.4426	DELETION	upstream_gene_variant	MODIFIER	W3030G02850	W3030G02990	YGR060W	ERG25	28033	upstream
CAS-55-1	CAS	591742	C	T	225.417	SNV	missense_variant	MODERATE	W3030G02910	W3030G02990	YGR060W	ERG25	15949	upstream
CAS-55-1	CAS	593589	G	T	228.347	SNV	upstream_gene_variant	MODIFIER	W3030G02920	W3030G02990	YGR060W	ERG25	14102	upstream
CAS-55-1	CAS	606238	T	TA	197.227	INSERTION	upstream_gene_variant	MODIFIER	W3030G02960	W3030G02990	YGR060W	ERG25	1453	upstream
CAS-55-1	CAS	608638	C	CA	227.311	INSERTION	downstream_gene_variant	MODIFIER	W3030G02970	W3030G02990	YGR060W	ERG25	17	downstream
CAS-55-1	CAS	608706	C	CT	167.251	INSERTION	downstream_gene_variant	MODIFIER	W3030G02970	W3030G02990	YGR060W	ERG25	85	downstream
CAS-55-1	CAS	613297	AT	A	159.212	DELETION	upstream_gene_variant	MODIFIER	W3030G03000	W3030G02990	YGR060W	ERG25	4676	downstream
CAS-55-1	CAS	614579	T	TA	228.227	INSERTION	upstream_gene_variant	MODIFIER	W3030G03000	W3030G02990	YGR060W	ERG25	5958	downstream
CAS-55-1	CAS	648184	GA	G	97.7573	DELETION	upstream_gene_variant	MODIFIER	W3030G03190	W3030G02990	YGR060W	ERG25	39563	downstream
CAS-55-1	CAS	649207	G	C	225.417	SNV	missense_variant	MODERATE	W3030G03230	W3030G02990	YGR060W	ERG25	40586	downstream
CAS-55-1	CAS	675910	A	AT	228.367	INSERTION	upstream_gene_variant	MODIFIER	W3030G03320	W3030G02990	YGR060W	ERG25	67289	downstream
CAS-55-1	CAS	696565	G	GT	228.406	INSERTION	frameshift_variant	HIGH	W3030G03430	W3030G02990	YGR060W	ERG25	87944	downstream
CAS-55-1	CAS	725225	CT	C	184.416	DELETION	upstream_gene_variant	MODIFIER	W3030G03530	W3030G02990	YGR060W	ERG25	116604	downstream
CAS-55-1	CAS	732614	G	GA	112.955	INSERTION	upstream_gene_variant	MODIFIER	W3030G03550	W3030G04090	YGR175C	ERG1	113881	upstream
CAS-55-1	CAS	752749	C	CTT	203.245	INSERTION	upstream_gene_variant	MODIFIER	W3030G03610	W3030G04090	YGR175C	ERG1	93746	upstream
CAS-55-1	CAS	818556	C	CA	153.992	INSERTION	upstream_gene_variant	MODIFIER	W3030G03930	W3030G04090	YGR175C	ERG1	27939	upstream
CAS-55-1	CAS	823352	AT	A	104.976	DELETION	upstream_gene_variant	MODIFIER	W3030G03950	W3030G04090	YGR175C	ERG1	23143	upstream
CAS-55-1	CAS	848074	G	GAT	205.155	INSERTION	upstream_gene_variant	MODIFIER	W3030G04060	W3030G04090	YGR175C	ERG1	88	downstream
CAS-55-1	CAS	848101	G	GA	109.265	INSERTION	upstream_gene_variant	MODIFIER	W3030G04060	W3030G04090	YGR175C	ERG1	115	downstream
CAS-55-1	CAS	855954	A	AT	148.296	INSERTION	upstream_gene_variant	MODIFIER	W3030G04110	W3030G04090	YGR175C	ERG1	7968	downstream
CAS-55-1	CAS	855989	C	CA	33.0831	INSERTION	upstream_gene_variant	MODIFIER	W3030G04110	W3030G04090	YGR175C	ERG1	8003	downstream
CAS-55-1	CAS	884570	C	CG	25.9523	INSERTION	upstream_gene_variant	MODIFIER	W3030G04230	W3030G04090	YGR175C	ERG1	36584	downstream
CAS-55-1	CAS	982371	G	GA	157.208	INSERTION	upstream_gene_variant	MODIFIER	W3030G04710	W3030G04090	YGR175C	ERG1	134385	downstream
CAS-55-1	CAS	1011419	C	CT	77.7064	INSERTION	upstream_gene_variant	MODIFIER	W3030G04840	W3030G04090	YGR175C	ERG1	163433	downstream
CAS-55-1	CAS	1011597	CA	C	145.078	DELETION	upstream_gene_variant	MODIFIER	W3030G04840	W3030G04090	YGR175C	ERG1	163611	downstream
CAS-55-1	CAS	1052732	A	AT	211.356	INSERTION	upstream_gene_variant	MODIFIER	W3030G05030	W3030G04090	YGR175C	ERG1	204746	downstream
CAS-55-2	CAS	208	C	CCACACACCCA	60.5912	INSERTION	upstream_gene_variant	MODIFIER	W3030G00110	W3030G02340	YGL012W	ERG4	469640	upstream
CAS-55-2	CAS	49467	G	A	225.417	SNV	missense_variant	MODERATE	W3030G00340	W3030G02340	YGL012W	ERG4	420381	upstream
CAS-55-2	CAS	85087	GA	G	200.21	DELETION	upstream_gene_variant	MODIFIER	W3030G00550	W3030G02340	YGL012W	ERG4	384761	upstream
CAS-55-2	CAS	163010	CA	C	58.7443	DELETION	upstream_gene_variant	MODIFIER	W3030G00840	W3030G02340	YGL012W	ERG4	306838	upstream
CAS-55-2	CAS	163383	CA	C	126.07	DELETION	upstream_gene_variant	MODIFIER	W3030G00840	W3030G02340	YGL012W	ERG4	306465	upstream
CAS-55-2	CAS	363370	TAA	T	60.3828	DELETION	upstream_gene_variant	MODIFIER	W3030G01750	W3030G02340	YGL012W	ERG4	106478	upstream
CAS-55-2	CAS	394427	GA	G	70.7013	DELETION	upstream_gene_variant	MODIFIER	W3030G01930	W3030G02340	YGL012W	ERG4	75421	upstream
CAS-55-2	CAS	443718	C	A	225.417	SNV	missense_variant	MODERATE	W3030G02200	W3030G02340	YGL012W	ERG4	26130	upstream
CAS-55-2	CAS	482499	G	GC	228.389	INSERTION	upstream_gene_variant	MODIFIER	W3030G02380	W3030G02340	YGL012W	ERG4	11229	downstream
CAS-55-2	CAS	495097	AT	A	228.372	DELETION	upstream_gene_variant	MODIFIER	W3030G02420	W3030G02340	YGL012W	ERG4	23827	downstream
CAS-55-2	CAS	527740	TACG	T	228.36	DELETION	disruptive_inframe_deletion	MODERATE	W3030G02640	W3030G02340	YGL012W	ERG4	56470	downstream
CAS-55-2	CAS	552359	T	C	228.406	SNV	upstream_gene_variant	MODIFIER	W3030G02740	W3030G02990	YGR060W	ERG25	55332	upstream
CAS-55-2	CAS	579658	TA	T	61.7103	DELETION	upstream_gene_variant	MODIFIER	W3030G02850	W3030G02990	YGR060W	ERG25	28033	upstream
CAS-55-2	CAS	591742	C	T	225.422	SNV	missense_variant	MODERATE	W3030G02910	W3030G02990	YGR060W	ERG25	15949	upstream
CAS-55-2	CAS	593589	G	T	225.417	SNV	upstream_gene_variant	MODIFIER	W3030G02920	W3030G02990	YGR060W	ERG25	14102	upstream
CAS-55-2	CAS	606238	T	TA	187.979	INSERTION	upstream_gene_variant	MODIFIER	W3030G02960	W3030G02990	YGR060W	ERG25	1453	upstream
CAS-55-2	CAS	608638	C	CA	208.185	INSERTION	downstream_gene_variant	MODIFIER	W3030G02970	W3030G02990	YGR060W	ERG25	17	downstream
CAS-55-2	CAS	608706	C	CT	204.242	INSERTION	downstream_gene_variant	MODIFIER	W3030G02970	W3030G02990	YGR060W	ERG25	85	downstream
CAS-55-2	CAS	613297	AT	A	103.906	DELETION	upstream_gene_variant	MODIFIER	W3030G03000	W3030G02990	YGR060W	ERG25	4676	downstream
CAS-55-2	CAS	614579	T	TA	228.306	INSERTION	upstream_gene_variant	MODIFIER	W3030G03000	W3030G02990	YGR060W	ERG25	5958	downstream
CAS-55-2	CAS	648184	GA	G	194.266	DELETION	upstream_gene_variant	MODIFIER	W3030G03190	W3030G02990	YGR060W	ERG25	39563	downstream
CAS-55-2	CAS	649207	G	C	225.417	SNV	missense_variant	MODERATE	W3030G03230	W3030G02990	YGR060W	ERG25	40586	downstream
CAS-55-2	CAS	675910	A	AT	228.319	INSERTION	upstream_gene_variant	MODIFIER	W3030G03320	W3030G02990	YGR060W	ERG25	67289	downstream
CAS-55-2	CAS	696565	G	GT	228.376	INSERTION	frameshift_variant	HIGH	W3030G03430	W3030G02990	YGR060W	ERG25	87944	downstream
CAS-55-2	CAS	697569	ATTTTTTTTTTTTTTTTTTTTTTTCTCANNNNNNNNNNTTTTTTT	A	26.0522	DELETION	upstream_gene_variant	MODIFIER	W3030G03390	W3030G02990	YGR060W	ERG25	88948	downstream
CAS-55-2	CAS	725225	CT	C	211.302	DELETION	upstream_gene_variant	MODIFIER	W3030G03530	W3030G02990	YGR060W	ERG25	116604	downstream
CAS-55-2	CAS	752749	C	CTT	86.5312	INSERTION	upstream_gene_variant	MODIFIER	W3030G03610	W3030G04090	YGR175C	ERG1	93746	upstream
CAS-55-2	CAS	818556	C	CA	24.3993	INSERTION	upstream_gene_variant	MODIFIER	W3030G03930	W3030G04090	YGR175C	ERG1	27939	upstream
CAS-55-2	CAS	823352	AT	A	82.2151	DELETION	upstream_gene_variant	MODIFIER	W3030G03950	W3030G04090	YGR175C	ERG1	23143	upstream
CAS-55-2	CAS	848074	G	GAT	217.176	INSERTION	upstream_gene_variant	MODIFIER	W3030G04060	W3030G04090	YGR175C	ERG1	88	downstream
CAS-55-2	CAS	848101	G	GA	159.958	INSERTION	upstream_gene_variant	MODIFIER	W3030G04060	W3030G04090	YGR175C	ERG1	115	downstream
CAS-55-2	CAS	855954	A	AT	218.227	INSERTION	upstream_gene_variant	MODIFIER	W3030G04110	W3030G04090	YGR175C	ERG1	7968	downstream
CAS-55-2	CAS	855989	C	CA	46.7771	INSERTION	upstream_gene_variant	MODIFIER	W3030G04110	W3030G04090	YGR175C	ERG1	8003	downstream
CAS-55-2	CAS	982371	G	GA	111.138	INSERTION	upstream_gene_variant	MODIFIER	W3030G04710	W3030G04090	YGR175C	ERG1	134385	downstream
CAS-55-2	CAS	1011419	C	CT	188.161	INSERTION	upstream_gene_variant	MODIFIER	W3030G04840	W3030G04090	YGR175C	ERG1	163433	downstream
CAS-55-2	CAS	1011597	CA	C	161.283	DELETION	upstream_gene_variant	MODIFIER	W3030G04840	W3030G04090	YGR175C	ERG1	163611	downstream
CAS-55-2	CAS	1052732	A	AT	219.295	INSERTION	upstream_gene_variant	MODIFIER	W3030G05030	W3030G04090	YGR175C	ERG1	204746	downstream
CAS-55-3	CAS	49467	G	A	225.417	SNV	missense_variant	MODERATE	W3030G00340	W3030G02340	YGL012W	ERG4	420381	upstream
CAS-55-3	CAS	85087	GA	G	228.364	DELETION	upstream_gene_variant	MODIFIER	W3030G00550	W3030G02340	YGL012W	ERG4	384761	upstream
CAS-55-3	CAS	163383	CA	C	87.7911	DELETION	upstream_gene_variant	MODIFIER	W3030G00840	W3030G02340	YGL012W	ERG4	306465	upstream
CAS-55-3	CAS	363370	TA	T	97.7731	DELETION	upstream_gene_variant	MODIFIER	W3030G01750	W3030G02340	YGL012W	ERG4	106478	upstream
CAS-55-3	CAS	381378	T	C	225.417	SNV	upstream_gene_variant	MODIFIER	W3030G01850	W3030G02340	YGL012W	ERG4	88470	upstream
CAS-55-3	CAS	381379	G	A	225.417	SNV	upstream_gene_variant	MODIFIER	W3030G01850	W3030G02340	YGL012W	ERG4	88469	upstream
CAS-55-3	CAS	394427	GA	G	90.8243	DELETION	upstream_gene_variant	MODIFIER	W3030G01930	W3030G02340	YGL012W	ERG4	75421	upstream
CAS-55-3	CAS	443718	C	A	225.417	SNV	missense_variant	MODERATE	W3030G02200	W3030G02340	YGL012W	ERG4	26130	upstream
CAS-55-3	CAS	482499	G	GC	228.361	INSERTION	upstream_gene_variant	MODIFIER	W3030G02380	W3030G02340	YGL012W	ERG4	11229	downstream
CAS-55-3	CAS	495097	AT	A	228.32	DELETION	upstream_gene_variant	MODIFIER	W3030G02420	W3030G02340	YGL012W	ERG4	23827	downstream
CAS-55-3	CAS	523812	TA	T	228.408	DELETION	upstream_gene_variant	MODIFIER	W3030G02580	W3030G02340	YGL012W	ERG4	52542	downstream
CAS-55-3	CAS	527740	TACG	T	228.369	DELETION	disruptive_inframe_deletion	MODERATE	W3030G02640	W3030G02340	YGL012W	ERG4	56470	downstream
CAS-55-3	CAS	552359	T	C	225.417	SNV	upstream_gene_variant	MODIFIER	W3030G02740	W3030G02990	YGR060W	ERG25	55332	upstream
CAS-55-3	CAS	579658	TA	T	42.6032	DELETION	upstream_gene_variant	MODIFIER	W3030G02850	W3030G02990	YGR060W	ERG25	28033	upstream
CAS-55-3	CAS	591742	C	T	225.417	SNV	missense_variant	MODERATE	W3030G02910	W3030G02990	YGR060W	ERG25	15949	upstream
CAS-55-3	CAS	593589	G	T	225.417	SNV	upstream_gene_variant	MODIFIER	W3030G02920	W3030G02990	YGR060W	ERG25	14102	upstream
CAS-55-3	CAS	606238	T	TA	211.147	INSERTION	upstream_gene_variant	MODIFIER	W3030G02960	W3030G02990	YGR060W	ERG25	1453	upstream
CAS-55-3	CAS	608638	C	CA	208.316	INSERTION	downstream_gene_variant	MODIFIER	W3030G02970	W3030G02990	YGR060W	ERG25	17	downstream
CAS-55-3	CAS	608706	C	CT	199.179	INSERTION	downstream_gene_variant	MODIFIER	W3030G02970	W3030G02990	YGR060W	ERG25	85	downstream
CAS-55-3	CAS	613297	AT	A	83.9659	DELETION	upstream_gene_variant	MODIFIER	W3030G03000	W3030G02990	YGR060W	ERG25	4676	downstream
CAS-55-3	CAS	614579	T	TA	208.215	INSERTION	upstream_gene_variant	MODIFIER	W3030G03000	W3030G02990	YGR060W	ERG25	5958	downstream
CAS-55-3	CAS	648184	GA	G	128.897	DELETION	upstream_gene_variant	MODIFIER	W3030G03190	W3030G02990	YGR060W	ERG25	39563	downstream
CAS-55-3	CAS	649207	G	C	225.417	SNV	missense_variant	MODERATE	W3030G03230	W3030G02990	YGR060W	ERG25	40586	downstream
CAS-55-3	CAS	675910	A	AT	228.357	INSERTION	upstream_gene_variant	MODIFIER	W3030G03320	W3030G02990	YGR060W	ERG25	67289	downstream
CAS-55-3	CAS	696565	G	GT	228.229	INSERTION	frameshift_variant	HIGH	W3030G03430	W3030G02990	YGR060W	ERG25	87944	downstream
CAS-55-3	CAS	725225	CT	C	131.937	DELETION	upstream_gene_variant	MODIFIER	W3030G03530	W3030G02990	YGR060W	ERG25	116604	downstream
CAS-55-3	CAS	732614	G	GA	48.5063	INSERTION	upstream_gene_variant	MODIFIER	W3030G03550	W3030G04090	YGR175C	ERG1	113881	upstream
CAS-55-3	CAS	752749	C	CTT	171.913	INSERTION	upstream_gene_variant	MODIFIER	W3030G03610	W3030G04090	YGR175C	ERG1	93746	upstream
CAS-55-3	CAS	823352	AT	A	117.065	DELETION	upstream_gene_variant	MODIFIER	W3030G03950	W3030G04090	YGR175C	ERG1	23143	upstream
CAS-55-3	CAS	848074	G	GAT	228.232	INSERTION	upstream_gene_variant	MODIFIER	W3030G04060	W3030G04090	YGR175C	ERG1	88	downstream
CAS-55-3	CAS	848101	G	GA	100.815	INSERTION	upstream_gene_variant	MODIFIER	W3030G04060	W3030G04090	YGR175C	ERG1	115	downstream
CAS-55-3	CAS	855954	A	AT	176.09	INSERTION	upstream_gene_variant	MODIFIER	W3030G04110	W3030G04090	YGR175C	ERG1	7968	downstream
CAS-55-3	CAS	884570	C	CG	20.1097	INSERTION	upstream_gene_variant	MODIFIER	W3030G04230	W3030G04090	YGR175C	ERG1	36584	downstream
CAS-55-3	CAS	982371	G	GA	109.873	INSERTION	upstream_gene_variant	MODIFIER	W3030G04710	W3030G04090	YGR175C	ERG1	134385	downstream
CAS-55-3	CAS	1011419	C	CT	150.067	INSERTION	upstream_gene_variant	MODIFIER	W3030G04840	W3030G04090	YGR175C	ERG1	163433	downstream
CAS-55-3	CAS	1011597	CA	C	129.983	DELETION	upstream_gene_variant	MODIFIER	W3030G04840	W3030G04090	YGR175C	ERG1	163611	downstream
CAS-55-3	CAS	1052732	A	AT	228.323	INSERTION	upstream_gene_variant	MODIFIER	W3030G05030	W3030G04090	YGR175C	ERG1	204746	downstream
CAS-CTRL	CAS-CTRL	85087	GA	G	161.386	DELETION	upstream_gene_variant	MODIFIER	W3030G00550	W3030G02340	YGL012W	ERG4	384761	upstream
CAS-CTRL	CAS-CTRL	163010	CAA	C	71.2282	DELETION	upstream_gene_variant	MODIFIER	W3030G00840	W3030G02340	YGL012W	ERG4	306838	upstream
CAS-CTRL	CAS-CTRL	163383	CA	C	147.089	DELETION	upstream_gene_variant	MODIFIER	W3030G00840	W3030G02340	YGL012W	ERG4	306465	upstream
CAS-CTRL	CAS-CTRL	363370	TA	T	116.987	DELETION	upstream_gene_variant	MODIFIER	W3030G01750	W3030G02340	YGL012W	ERG4	106478	upstream
CAS-CTRL	CAS-CTRL	394427	GAA	G	122.674	DELETION	upstream_gene_variant	MODIFIER	W3030G01930	W3030G02340	YGL012W	ERG4	75421	upstream
CAS-CTRL	CAS-CTRL	443718	C	A	228.415	SNV	missense_variant	MODERATE	W3030G02200	W3030G02340	YGL012W	ERG4	26130	upstream
CAS-CTRL	CAS-CTRL	482499	G	GC	228.379	INSERTION	upstream_gene_variant	MODIFIER	W3030G02380	W3030G02340	YGL012W	ERG4	11229	downstream
CAS-CTRL	CAS-CTRL	495097	AT	A	228.4	DELETION	upstream_gene_variant	MODIFIER	W3030G02420	W3030G02340	YGL012W	ERG4	23827	downstream
CAS-CTRL	CAS-CTRL	527740	TACG	T	228.322	DELETION	disruptive_inframe_deletion	MODERATE	W3030G02640	W3030G02340	YGL012W	ERG4	56470	downstream
CAS-CTRL	CAS-CTRL	552359	T	C	225.417	SNV	upstream_gene_variant	MODIFIER	W3030G02740	W3030G02990	YGR060W	ERG25	55332	upstream
CAS-CTRL	CAS-CTRL	591742	C	T	225.417	SNV	missense_variant	MODERATE	W3030G02910	W3030G02990	YGR060W	ERG25	15949	upstream
CAS-CTRL	CAS-CTRL	593589	G	T	225.417	SNV	upstream_gene_variant	MODIFIER	W3030G02920	W3030G02990	YGR060W	ERG25	14102	upstream
CAS-CTRL	CAS-CTRL	606238	T	TA	228.187	INSERTION	upstream_gene_variant	MODIFIER	W3030G02960	W3030G02990	YGR060W	ERG25	1453	upstream
CAS-CTRL	CAS-CTRL	608638	C	CA	173.053	INSERTION	downstream_gene_variant	MODIFIER	W3030G02970	W3030G02990	YGR060W	ERG25	17	downstream
CAS-CTRL	CAS-CTRL	608706	C	CT	173.379	INSERTION	downstream_gene_variant	MODIFIER	W3030G02970	W3030G02990	YGR060W	ERG25	85	downstream
CAS-CTRL	CAS-CTRL	613297	AT	A	159.26	DELETION	upstream_gene_variant	MODIFIER	W3030G03000	W3030G02990	YGR060W	ERG25	4676	downstream
CAS-CTRL	CAS-CTRL	614579	T	TA	228.23	INSERTION	upstream_gene_variant	MODIFIER	W3030G03000	W3030G02990	YGR060W	ERG25	5958	downstream
CAS-CTRL	CAS-CTRL	648184	GA	G	111.797	DELETION	upstream_gene_variant	MODIFIER	W3030G03190	W3030G02990	YGR060W	ERG25	39563	downstream
CAS-CTRL	CAS-CTRL	649207	G	C	225.417	SNV	missense_variant	MODERATE	W3030G03230	W3030G02990	YGR060W	ERG25	40586	downstream
CAS-CTRL	CAS-CTRL	675910	A	AT	228.282	INSERTION	upstream_gene_variant	MODIFIER	W3030G03320	W3030G02990	YGR060W	ERG25	67289	downstream
CAS-CTRL	CAS-CTRL	696565	G	GT	228.327	INSERTION	frameshift_variant	HIGH	W3030G03430	W3030G02990	YGR060W	ERG25	87944	downstream
CAS-CTRL	CAS-CTRL	725225	CT	C	157.071	DELETION	upstream_gene_variant	MODIFIER	W3030G03530	W3030G02990	YGR060W	ERG25	116604	downstream
CAS-CTRL	CAS-CTRL	752749	C	CTT	78.5966	INSERTION	upstream_gene_variant	MODIFIER	W3030G03610	W3030G04090	YGR175C	ERG1	93746	upstream
CAS-CTRL	CAS-CTRL	818556	C	CA	95.7371	INSERTION	upstream_gene_variant	MODIFIER	W3030G03930	W3030G04090	YGR175C	ERG1	27939	upstream
CAS-CTRL	CAS-CTRL	823352	AT	A	189.343	DELETION	upstream_gene_variant	MODIFIER	W3030G03950	W3030G04090	YGR175C	ERG1	23143	upstream
CAS-CTRL	CAS-CTRL	848074	G	GAT	217.237	INSERTION	upstream_gene_variant	MODIFIER	W3030G04060	W3030G04090	YGR175C	ERG1	88	downstream
CAS-CTRL	CAS-CTRL	848101	G	GA	141.1	INSERTION	upstream_gene_variant	MODIFIER	W3030G04060	W3030G04090	YGR175C	ERG1	115	downstream
CAS-CTRL	CAS-CTRL	855954	A	AT	147.31	INSERTION	upstream_gene_variant	MODIFIER	W3030G04110	W3030G04090	YGR175C	ERG1	7968	downstream
CAS-CTRL	CAS-CTRL	855989	C	CA	30.7952	INSERTION	upstream_gene_variant	MODIFIER	W3030G04110	W3030G04090	YGR175C	ERG1	8003	downstream
CAS-CTRL	CAS-CTRL	884570	C	CG	32.3064	INSERTION	upstream_gene_variant	MODIFIER	W3030G04230	W3030G04090	YGR175C	ERG1	36584	downstream
CAS-CTRL	CAS-CTRL	982371	G	GA	117.833	INSERTION	upstream_gene_variant	MODIFIER	W3030G04710	W3030G04090	YGR175C	ERG1	134385	downstream
CAS-CTRL	CAS-CTRL	1011419	C	CT	158.898	INSERTION	upstream_gene_variant	MODIFIER	W3030G04840	W3030G04090	YGR175C	ERG1	163433	downstream
CAS-CTRL	CAS-CTRL	1011597	CA	C	147.117	DELETION	upstream_gene_variant	MODIFIER	W3030G04840	W3030G04090	YGR175C	ERG1	163611	downstream
CAS-CTRL	CAS-CTRL	1052732	A	AT	228.307	INSERTION	upstream_gene_variant	MODIFIER	W3030G05030	W3030G04090	YGR175C	ERG1	204746	downstream
STC-55-1	STC	85087	GA	G	165.169	DELETION	upstream_gene_variant	MODIFIER	W3030G00550	W3030G02340	YGL012W	ERG4	384761	upstream
STC-55-1	STC	163383	CA	C	65.6792	DELETION	upstream_gene_variant	MODIFIER	W3030G00840	W3030G02340	YGL012W	ERG4	306465	upstream
STC-55-1	STC	363370	TA	T	129.009	DELETION	upstream_gene_variant	MODIFIER	W3030G01750	W3030G02340	YGL012W	ERG4	106478	upstream
STC-55-1	STC	394427	GA	G	64.8194	DELETION	upstream_gene_variant	MODIFIER	W3030G01930	W3030G02340	YGL012W	ERG4	75421	upstream
STC-55-1	STC	443718	C	A	225.417	SNV	missense_variant	MODERATE	W3030G02200	W3030G02340	YGL012W	ERG4	26130	upstream
STC-55-1	STC	482499	G	GC	228.31	INSERTION	upstream_gene_variant	MODIFIER	W3030G02380	W3030G02340	YGL012W	ERG4	11229	downstream
STC-55-1	STC	527740	TACG	T	228.366	DELETION	disruptive_inframe_deletion	MODERATE	W3030G02640	W3030G02340	YGL012W	ERG4	56470	downstream
STC-55-1	STC	552359	T	C	228.408	SNV	upstream_gene_variant	MODIFIER	W3030G02740	W3030G02990	YGR060W	ERG25	55332	upstream
STC-55-1	STC	579658	TA	T	28.5292	DELETION	upstream_gene_variant	MODIFIER	W3030G02850	W3030G02990	YGR060W	ERG25	28033	upstream
STC-55-1	STC	591742	C	T	225.417	SNV	missense_variant	MODERATE	W3030G02910	W3030G02990	YGR060W	ERG25	15949	upstream
STC-55-1	STC	593589	G	T	225.417	SNV	upstream_gene_variant	MODIFIER	W3030G02920	W3030G02990	YGR060W	ERG25	14102	upstream
STC-55-1	STC	606238	T	TA	122.849	INSERTION	upstream_gene_variant	MODIFIER	W3030G02960	W3030G02990	YGR060W	ERG25	1453	upstream
STC-55-1	STC	608638	C	CA	228.368	INSERTION	downstream_gene_variant	MODIFIER	W3030G02970	W3030G02990	YGR060W	ERG25	17	downstream
STC-55-1	STC	608706	C	CT	124.053	INSERTION	downstream_gene_variant	MODIFIER	W3030G02970	W3030G02990	YGR060W	ERG25	85	downstream
STC-55-1	STC	613297	AT	A	104.864	DELETION	upstream_gene_variant	MODIFIER	W3030G03000	W3030G02990	YGR060W	ERG25	4676	downstream
STC-55-1	STC	614579	T	TA	196.061	INSERTION	upstream_gene_variant	MODIFIER	W3030G03000	W3030G02990	YGR060W	ERG25	5958	downstream
STC-55-1	STC	648184	GA	G	134.066	DELETION	upstream_gene_variant	MODIFIER	W3030G03190	W3030G02990	YGR060W	ERG25	39563	downstream
STC-55-1	STC	649207	G	C	225.417	SNV	missense_variant	MODERATE	W3030G03230	W3030G02990	YGR060W	ERG25	40586	downstream
STC-55-1	STC	675910	A	AT	228.34	INSERTION	upstream_gene_variant	MODIFIER	W3030G03320	W3030G02990	YGR060W	ERG25	67289	downstream
STC-55-1	STC	696565	G	GT	228.332	INSERTION	frameshift_variant	HIGH	W3030G03430	W3030G02990	YGR060W	ERG25	87944	downstream
STC-55-1	STC	725225	CT	C	173.156	DELETION	upstream_gene_variant	MODIFIER	W3030G03530	W3030G02990	YGR060W	ERG25	116604	downstream
STC-55-1	STC	752749	C	CTT	178.997	INSERTION	upstream_gene_variant	MODIFIER	W3030G03610	W3030G04090	YGR175C	ERG1	93746	upstream
STC-55-1	STC	823352	AT	A	160.263	DELETION	upstream_gene_variant	MODIFIER	W3030G03950	W3030G04090	YGR175C	ERG1	23143	upstream
STC-55-1	STC	848074	G	GAT	201.068	INSERTION	upstream_gene_variant	MODIFIER	W3030G04060	W3030G04090	YGR175C	ERG1	88	downstream
STC-55-1	STC	848101	G	GA	82.7699	INSERTION	upstream_gene_variant	MODIFIER	W3030G04060	W3030G04090	YGR175C	ERG1	115	downstream
STC-55-1	STC	855954	A	AT	95.3454	INSERTION	upstream_gene_variant	MODIFIER	W3030G04110	W3030G04090	YGR175C	ERG1	7968	downstream
STC-55-1	STC	887578	C	G	225.417	SNV	missense_variant	MODERATE	W3030G04250	W3030G04090	YGR175C	ERG1	39592	downstream
STC-55-1	STC	982371	G	GA	81.6665	INSERTION	upstream_gene_variant	MODIFIER	W3030G04710	W3030G04090	YGR175C	ERG1	134385	downstream
STC-55-1	STC	1011419	C	CT	165.121	INSERTION	upstream_gene_variant	MODIFIER	W3030G04840	W3030G04090	YGR175C	ERG1	163433	downstream
STC-55-1	STC	1011597	CA	C	165.22	DELETION	upstream_gene_variant	MODIFIER	W3030G04840	W3030G04090	YGR175C	ERG1	163611	downstream
STC-55-1	STC	1052732	A	AT	228.276	INSERTION	upstream_gene_variant	MODIFIER	W3030G05030	W3030G04090	YGR175C	ERG1	204746	downstream
STC-55-2	STC	85087	GA	G	216.349	DELETION	upstream_gene_variant	MODIFIER	W3030G00550	W3030G02340	YGL012W	ERG4	384761	upstream
STC-55-2	STC	163383	CA	C	114.9	DELETION	upstream_gene_variant	MODIFIER	W3030G00840	W3030G02340	YGL012W	ERG4	306465	upstream
STC-55-2	STC	363370	TA	T	154.125	DELETION	upstream_gene_variant	MODIFIER	W3030G01750	W3030G02340	YGL012W	ERG4	106478	upstream
STC-55-2	STC	394427	GA	G	60.6277	DELETION	upstream_gene_variant	MODIFIER	W3030G01930	W3030G02340	YGL012W	ERG4	75421	upstream
STC-55-2	STC	443718	C	A	225.417	SNV	missense_variant	MODERATE	W3030G02200	W3030G02340	YGL012W	ERG4	26130	upstream
STC-55-2	STC	482499	G	GC	228.267	INSERTION	upstream_gene_variant	MODIFIER	W3030G02380	W3030G02340	YGL012W	ERG4	11229	downstream
STC-55-2	STC	527740	TACG	T	203.309	DELETION	disruptive_inframe_deletion	MODERATE	W3030G02640	W3030G02340	YGL012W	ERG4	56470	downstream
STC-55-2	STC	552359	T	C	225.417	SNV	upstream_gene_variant	MODIFIER	W3030G02740	W3030G02990	YGR060W	ERG25	55332	upstream
STC-55-2	STC	579658	TA	T	34.4668	DELETION	upstream_gene_variant	MODIFIER	W3030G02850	W3030G02990	YGR060W	ERG25	28033	upstream
STC-55-2	STC	591742	C	T	225.417	SNV	missense_variant	MODERATE	W3030G02910	W3030G02990	YGR060W	ERG25	15949	upstream
STC-55-2	STC	593589	G	T	225.417	SNV	upstream_gene_variant	MODIFIER	W3030G02920	W3030G02990	YGR060W	ERG25	14102	upstream
STC-55-2	STC	606238	T	TA	93.952	INSERTION	upstream_gene_variant	MODIFIER	W3030G02960	W3030G02990	YGR060W	ERG25	1453	upstream
STC-55-2	STC	608638	C	CA	227.238	INSERTION	downstream_gene_variant	MODIFIER	W3030G02970	W3030G02990	YGR060W	ERG25	17	downstream
STC-55-2	STC	608706	C	CT	150.019	INSERTION	downstream_gene_variant	MODIFIER	W3030G02970	W3030G02990	YGR060W	ERG25	85	downstream
STC-55-2	STC	613297	AT	A	97.1132	DELETION	upstream_gene_variant	MODIFIER	W3030G03000	W3030G02990	YGR060W	ERG25	4676	downstream
STC-55-2	STC	614579	T	TA	186.123	INSERTION	upstream_gene_variant	MODIFIER	W3030G03000	W3030G02990	YGR060W	ERG25	5958	downstream
STC-55-2	STC	648184	GA	G	37.5005	DELETION	upstream_gene_variant	MODIFIER	W3030G03190	W3030G02990	YGR060W	ERG25	39563	downstream
STC-55-2	STC	649207	G	C	225.417	SNV	missense_variant	MODERATE	W3030G03230	W3030G02990	YGR060W	ERG25	40586	downstream
STC-55-2	STC	675910	A	AT	228.306	INSERTION	upstream_gene_variant	MODIFIER	W3030G03320	W3030G02990	YGR060W	ERG25	67289	downstream
STC-55-2	STC	696565	G	GT	228.31	INSERTION	frameshift_variant	HIGH	W3030G03430	W3030G02990	YGR060W	ERG25	87944	downstream
STC-55-2	STC	725225	CT	C	174.087	DELETION	upstream_gene_variant	MODIFIER	W3030G03530	W3030G02990	YGR060W	ERG25	116604	downstream
STC-55-2	STC	752749	C	CTT	73.6487	INSERTION	upstream_gene_variant	MODIFIER	W3030G03610	W3030G04090	YGR175C	ERG1	93746	upstream
STC-55-2	STC	818556	C	CA	49.9466	INSERTION	upstream_gene_variant	MODIFIER	W3030G03930	W3030G04090	YGR175C	ERG1	27939	upstream
STC-55-2	STC	823352	AT	A	99.1299	DELETION	upstream_gene_variant	MODIFIER	W3030G03950	W3030G04090	YGR175C	ERG1	23143	upstream
STC-55-2	STC	848074	G	GAT	228.243	INSERTION	upstream_gene_variant	MODIFIER	W3030G04060	W3030G04090	YGR175C	ERG1	88	downstream
STC-55-2	STC	848101	G	GA	134.114	INSERTION	upstream_gene_variant	MODIFIER	W3030G04060	W3030G04090	YGR175C	ERG1	115	downstream
STC-55-2	STC	855954	A	AT	227.296	INSERTION	upstream_gene_variant	MODIFIER	W3030G04110	W3030G04090	YGR175C	ERG1	7968	downstream
STC-55-2	STC	855989	C	CA	43.8855	INSERTION	upstream_gene_variant	MODIFIER	W3030G04110	W3030G04090	YGR175C	ERG1	8003	downstream
STC-55-2	STC	982371	G	GA	100.718	INSERTION	upstream_gene_variant	MODIFIER	W3030G04710	W3030G04090	YGR175C	ERG1	134385	downstream
STC-55-2	STC	1011419	C	CT	139.093	INSERTION	upstream_gene_variant	MODIFIER	W3030G04840	W3030G04090	YGR175C	ERG1	163433	downstream
STC-55-2	STC	1011597	CA	C	126.969	DELETION	upstream_gene_variant	MODIFIER	W3030G04840	W3030G04090	YGR175C	ERG1	163611	downstream
STC-55-2	STC	1052732	A	AT	188.282	INSERTION	upstream_gene_variant	MODIFIER	W3030G05030	W3030G04090	YGR175C	ERG1	204746	downstream
STC-55-3	STC	64722	T	C	228.329	SNV	upstream_gene_variant	MODIFIER	W3030G00400	W3030G02340	YGL012W	ERG4	405126	upstream
STC-55-3	STC	85087	GA	G	120.142	DELETION	upstream_gene_variant	MODIFIER	W3030G00550	W3030G02340	YGL012W	ERG4	384761	upstream
STC-55-3	STC	163010	CA	C	42.6177	DELETION	upstream_gene_variant	MODIFIER	W3030G00840	W3030G02340	YGL012W	ERG4	306838	upstream
STC-55-3	STC	163383	CA	C	97.7535	DELETION	upstream_gene_variant	MODIFIER	W3030G00840	W3030G02340	YGL012W	ERG4	306465	upstream
STC-55-3	STC	363370	TA	T	104.979	DELETION	upstream_gene_variant	MODIFIER	W3030G01750	W3030G02340	YGL012W	ERG4	106478	upstream
STC-55-3	STC	394427	GA	G	64.7435	DELETION	upstream_gene_variant	MODIFIER	W3030G01930	W3030G02340	YGL012W	ERG4	75421	upstream
STC-55-3	STC	443718	C	A	225.417	SNV	missense_variant	MODERATE	W3030G02200	W3030G02340	YGL012W	ERG4	26130	upstream
STC-55-3	STC	482499	G	GC	228.271	INSERTION	upstream_gene_variant	MODIFIER	W3030G02380	W3030G02340	YGL012W	ERG4	11229	downstream
STC-55-3	STC	527740	TACG	T	228.311	DELETION	disruptive_inframe_deletion	MODERATE	W3030G02640	W3030G02340	YGL012W	ERG4	56470	downstream
STC-55-3	STC	552359	T	C	225.417	SNV	upstream_gene_variant	MODIFIER	W3030G02740	W3030G02990	YGR060W	ERG25	55332	upstream
STC-55-3	STC	571818	T	C	225.417	SNV	upstream_gene_variant	MODIFIER	W3030G02810	W3030G02990	YGR060W	ERG25	35873	upstream
STC-55-3	STC	579658	TA	T	61.998	DELETION	upstream_gene_variant	MODIFIER	W3030G02850	W3030G02990	YGR060W	ERG25	28033	upstream
STC-55-3	STC	591742	C	T	225.417	SNV	missense_variant	MODERATE	W3030G02910	W3030G02990	YGR060W	ERG25	15949	upstream
STC-55-3	STC	593589	G	T	225.417	SNV	upstream_gene_variant	MODIFIER	W3030G02920	W3030G02990	YGR060W	ERG25	14102	upstream
STC-55-3	STC	606238	T	TA	173.185	INSERTION	upstream_gene_variant	MODIFIER	W3030G02960	W3030G02990	YGR060W	ERG25	1453	upstream
STC-55-3	STC	608638	C	CA	141.026	INSERTION	downstream_gene_variant	MODIFIER	W3030G02970	W3030G02990	YGR060W	ERG25	17	downstream
STC-55-3	STC	608706	C	CT	131.142	INSERTION	downstream_gene_variant	MODIFIER	W3030G02970	W3030G02990	YGR060W	ERG25	85	downstream
STC-55-3	STC	613297	AT	A	149.187	DELETION	upstream_gene_variant	MODIFIER	W3030G03000	W3030G02990	YGR060W	ERG25	4676	downstream
STC-55-3	STC	614579	T	TA	195.254	INSERTION	upstream_gene_variant	MODIFIER	W3030G03000	W3030G02990	YGR060W	ERG25	5958	downstream
STC-55-3	STC	648184	GA	G	163.154	DELETION	upstream_gene_variant	MODIFIER	W3030G03190	W3030G02990	YGR060W	ERG25	39563	downstream
STC-55-3	STC	649207	G	C	225.417	SNV	missense_variant	MODERATE	W3030G03230	W3030G02990	YGR060W	ERG25	40586	downstream
STC-55-3	STC	675910	A	AT	99.334	INSERTION	upstream_gene_variant	MODIFIER	W3030G03320	W3030G02990	YGR060W	ERG25	67289	downstream
STC-55-3	STC	696565	G	GT	228.4	INSERTION	frameshift_variant	HIGH	W3030G03430	W3030G02990	YGR060W	ERG25	87944	downstream
STC-55-3	STC	725225	CT	C	104.921	DELETION	upstream_gene_variant	MODIFIER	W3030G03530	W3030G02990	YGR060W	ERG25	116604	downstream
STC-55-3	STC	752749	C	CTT	191.248	INSERTION	upstream_gene_variant	MODIFIER	W3030G03610	W3030G04090	YGR175C	ERG1	93746	upstream
STC-55-3	STC	823352	AT	A	81.9456	DELETION	upstream_gene_variant	MODIFIER	W3030G03950	W3030G04090	YGR175C	ERG1	23143	upstream
STC-55-3	STC	848074	G	GAT	206.192	INSERTION	upstream_gene_variant	MODIFIER	W3030G04060	W3030G04090	YGR175C	ERG1	88	downstream
STC-55-3	STC	848101	G	GA	71.8719	INSERTION	upstream_gene_variant	MODIFIER	W3030G04060	W3030G04090	YGR175C	ERG1	115	downstream
STC-55-3	STC	855954	A	AT	205.201	INSERTION	upstream_gene_variant	MODIFIER	W3030G04110	W3030G04090	YGR175C	ERG1	7968	downstream
STC-55-3	STC	855989	C	CA	82.0872	INSERTION	upstream_gene_variant	MODIFIER	W3030G04110	W3030G04090	YGR175C	ERG1	8003	downstream
STC-55-3	STC	884570	C	CG	71.6417	INSERTION	upstream_gene_variant	MODIFIER	W3030G04230	W3030G04090	YGR175C	ERG1	36584	downstream
STC-55-3	STC	982371	G	GA	132.032	INSERTION	upstream_gene_variant	MODIFIER	W3030G04710	W3030G04090	YGR175C	ERG1	134385	downstream
STC-55-3	STC	1011419	C	CT	119.027	INSERTION	upstream_gene_variant	MODIFIER	W3030G04840	W3030G04090	YGR175C	ERG1	163433	downstream
STC-55-3	STC	1011597	CA	C	155.362	DELETION	upstream_gene_variant	MODIFIER	W3030G04840	W3030G04090	YGR175C	ERG1	163611	downstream
STC-55-3	STC	1052732	A	AT	181.061	INSERTION	upstream_gene_variant	MODIFIER	W3030G05030	W3030G04090	YGR175C	ERG1	204746	downstream
STC-CTRL	STC-CTRL	85087	GA	G	142.272	DELETION	upstream_gene_variant	MODIFIER	W3030G00550	W3030G02340	YGL012W	ERG4	384761	upstream
STC-CTRL	STC-CTRL	163383	CA	C	120.927	DELETION	upstream_gene_variant	MODIFIER	W3030G00840	W3030G02340	YGL012W	ERG4	306465	upstream
STC-CTRL	STC-CTRL	363370	TA	T	160.175	DELETION	upstream_gene_variant	MODIFIER	W3030G01750	W3030G02340	YGL012W	ERG4	106478	upstream
STC-CTRL	STC-CTRL	394427	GA	G	67.799	DELETION	upstream_gene_variant	MODIFIER	W3030G01930	W3030G02340	YGL012W	ERG4	75421	upstream
STC-CTRL	STC-CTRL	443718	C	A	225.417	SNV	missense_variant	MODERATE	W3030G02200	W3030G02340	YGL012W	ERG4	26130	upstream
STC-CTRL	STC-CTRL	482499	G	GC	228.322	INSERTION	upstream_gene_variant	MODIFIER	W3030G02380	W3030G02340	YGL012W	ERG4	11229	downstream
STC-CTRL	STC-CTRL	527740	TACG	T	228.337	DELETION	disruptive_inframe_deletion	MODERATE	W3030G02640	W3030G02340	YGL012W	ERG4	56470	downstream
STC-CTRL	STC-CTRL	552359	T	C	225.417	SNV	upstream_gene_variant	MODIFIER	W3030G02740	W3030G02990	YGR060W	ERG25	55332	upstream
STC-CTRL	STC-CTRL	579658	TA	T	95.9743	DELETION	upstream_gene_variant	MODIFIER	W3030G02850	W3030G02990	YGR060W	ERG25	28033	upstream
STC-CTRL	STC-CTRL	591742	C	T	225.417	SNV	missense_variant	MODERATE	W3030G02910	W3030G02990	YGR060W	ERG25	15949	upstream
STC-CTRL	STC-CTRL	593589	G	T	225.417	SNV	upstream_gene_variant	MODIFIER	W3030G02920	W3030G02990	YGR060W	ERG25	14102	upstream
STC-CTRL	STC-CTRL	606238	T	TA	134.943	INSERTION	upstream_gene_variant	MODIFIER	W3030G02960	W3030G02990	YGR060W	ERG25	1453	upstream
STC-CTRL	STC-CTRL	608638	C	CA	163.248	INSERTION	downstream_gene_variant	MODIFIER	W3030G02970	W3030G02990	YGR060W	ERG25	17	downstream
STC-CTRL	STC-CTRL	608706	C	CT	162.139	INSERTION	downstream_gene_variant	MODIFIER	W3030G02970	W3030G02990	YGR060W	ERG25	85	downstream
STC-CTRL	STC-CTRL	613297	AT	A	105.904	DELETION	upstream_gene_variant	MODIFIER	W3030G03000	W3030G02990	YGR060W	ERG25	4676	downstream
STC-CTRL	STC-CTRL	614579	T	TA	228.249	INSERTION	upstream_gene_variant	MODIFIER	W3030G03000	W3030G02990	YGR060W	ERG25	5958	downstream
STC-CTRL	STC-CTRL	648184	GA	G	123.989	DELETION	upstream_gene_variant	MODIFIER	W3030G03190	W3030G02990	YGR060W	ERG25	39563	downstream
STC-CTRL	STC-CTRL	649207	G	C	225.417	SNV	missense_variant	MODERATE	W3030G03230	W3030G02990	YGR060W	ERG25	40586	downstream
STC-CTRL	STC-CTRL	675910	A	AT	228.297	INSERTION	upstream_gene_variant	MODIFIER	W3030G03320	W3030G02990	YGR060W	ERG25	67289	downstream
STC-CTRL	STC-CTRL	696565	G	GT	228.309	INSERTION	frameshift_variant	HIGH	W3030G03430	W3030G02990	YGR060W	ERG25	87944	downstream
STC-CTRL	STC-CTRL	725225	CT	C	129.99	DELETION	upstream_gene_variant	MODIFIER	W3030G03530	W3030G02990	YGR060W	ERG25	116604	downstream
STC-CTRL	STC-CTRL	752749	C	CTT	132.866	INSERTION	upstream_gene_variant	MODIFIER	W3030G03610	W3030G04090	YGR175C	ERG1	93746	upstream
STC-CTRL	STC-CTRL	818556	C	CA	153.929	INSERTION	upstream_gene_variant	MODIFIER	W3030G03930	W3030G04090	YGR175C	ERG1	27939	upstream
STC-CTRL	STC-CTRL	823352	AT	A	119.178	DELETION	upstream_gene_variant	MODIFIER	W3030G03950	W3030G04090	YGR175C	ERG1	23143	upstream
STC-CTRL	STC-CTRL	848074	G	GAT	178.063	INSERTION	upstream_gene_variant	MODIFIER	W3030G04060	W3030G04090	YGR175C	ERG1	88	downstream
STC-CTRL	STC-CTRL	848101	G	GA	33.723	INSERTION	upstream_gene_variant	MODIFIER	W3030G04060	W3030G04090	YGR175C	ERG1	115	downstream
STC-CTRL	STC-CTRL	855954	A	AT	123.106	INSERTION	upstream_gene_variant	MODIFIER	W3030G04110	W3030G04090	YGR175C	ERG1	7968	downstream
STC-CTRL	STC-CTRL	884570	C	CG	29.2164	INSERTION	upstream_gene_variant	MODIFIER	W3030G04230	W3030G04090	YGR175C	ERG1	36584	downstream
STC-CTRL	STC-CTRL	982371	G	GA	194.24	INSERTION	upstream_gene_variant	MODIFIER	W3030G04710	W3030G04090	YGR175C	ERG1	134385	downstream
STC-CTRL	STC-CTRL	1011419	C	CT	204.239	INSERTION	upstream_gene_variant	MODIFIER	W3030G04840	W3030G04090	YGR175C	ERG1	163433	downstream
STC-CTRL	STC-CTRL	1011597	CA	C	180.162	DELETION	upstream_gene_variant	MODIFIER	W3030G04840	W3030G04090	YGR175C	ERG1	163611	downstream
STC-CTRL	STC-CTRL	1052732	A	AT	221.213	INSERTION	upstream_gene_variant	MODIFIER	W3030G05030	W3030G04090	YGR175C	ERG1	204746	downstream
WT-37-55-1	WT-37	85087	GA	G	206.269	DELETION	upstream_gene_variant	MODIFIER	W3030G00550	W3030G02340	YGL012W	ERG4	384761	upstream
WT-37-55-1	WT-37	163010	CA	C	29.4384	DELETION	upstream_gene_variant	MODIFIER	W3030G00840	W3030G02340	YGL012W	ERG4	306838	upstream
WT-37-55-1	WT-37	163383	CA	C	99.945	DELETION	upstream_gene_variant	MODIFIER	W3030G00840	W3030G02340	YGL012W	ERG4	306465	upstream
WT-37-55-1	WT-37	363370	TA	T	155.273	DELETION	upstream_gene_variant	MODIFIER	W3030G01750	W3030G02340	YGL012W	ERG4	106478	upstream
WT-37-55-1	WT-37	394427	GA	G	101.761	DELETION	upstream_gene_variant	MODIFIER	W3030G01930	W3030G02340	YGL012W	ERG4	75421	upstream
WT-37-55-1	WT-37	443718	C	A	225.417	SNV	missense_variant	MODERATE	W3030G02200	W3030G02340	YGL012W	ERG4	26130	upstream
WT-37-55-1	WT-37	482499	G	GC	228.412	INSERTION	upstream_gene_variant	MODIFIER	W3030G02380	W3030G02340	YGL012W	ERG4	11229	downstream
WT-37-55-1	WT-37	527740	TACG	T	228.328	DELETION	disruptive_inframe_deletion	MODERATE	W3030G02640	W3030G02340	YGL012W	ERG4	56470	downstream
WT-37-55-1	WT-37	552359	T	C	225.417	SNV	upstream_gene_variant	MODIFIER	W3030G02740	W3030G02990	YGR060W	ERG25	55332	upstream
WT-37-55-1	WT-37	579658	TA	T	62.6135	DELETION	upstream_gene_variant	MODIFIER	W3030G02850	W3030G02990	YGR060W	ERG25	28033	upstream
WT-37-55-1	WT-37	591742	C	T	225.417	SNV	missense_variant	MODERATE	W3030G02910	W3030G02990	YGR060W	ERG25	15949	upstream
WT-37-55-1	WT-37	593589	G	T	225.417	SNV	upstream_gene_variant	MODIFIER	W3030G02920	W3030G02990	YGR060W	ERG25	14102	upstream
WT-37-55-1	WT-37	606238	T	TA	186.141	INSERTION	upstream_gene_variant	MODIFIER	W3030G02960	W3030G02990	YGR060W	ERG25	1453	upstream
WT-37-55-1	WT-37	608638	C	CA	152.88	INSERTION	downstream_gene_variant	MODIFIER	W3030G02970	W3030G02990	YGR060W	ERG25	17	downstream
WT-37-55-1	WT-37	608706	C	CT	204.241	INSERTION	downstream_gene_variant	MODIFIER	W3030G02970	W3030G02990	YGR060W	ERG25	85	downstream
WT-37-55-1	WT-37	613297	AT	A	86.1959	DELETION	upstream_gene_variant	MODIFIER	W3030G03000	W3030G02990	YGR060W	ERG25	4676	downstream
WT-37-55-1	WT-37	614579	T	TA	228.277	INSERTION	upstream_gene_variant	MODIFIER	W3030G03000	W3030G02990	YGR060W	ERG25	5958	downstream
WT-37-55-1	WT-37	646664	G	GA	228.168	INSERTION	upstream_gene_variant	MODIFIER	W3030G03190	W3030G02990	YGR060W	ERG25	38043	downstream
WT-37-55-1	WT-37	648184	GA	G	166.245	DELETION	upstream_gene_variant	MODIFIER	W3030G03190	W3030G02990	YGR060W	ERG25	39563	downstream
WT-37-55-1	WT-37	649207	G	C	225.417	SNV	missense_variant	MODERATE	W3030G03230	W3030G02990	YGR060W	ERG25	40586	downstream
WT-37-55-1	WT-37	675910	A	AT	228.346	INSERTION	upstream_gene_variant	MODIFIER	W3030G03320	W3030G02990	YGR060W	ERG25	67289	downstream
WT-37-55-1	WT-37	696565	G	GT	225.417	INSERTION	frameshift_variant	HIGH	W3030G03430	W3030G02990	YGR060W	ERG25	87944	downstream
WT-37-55-1	WT-37	725225	CT	C	220.399	DELETION	upstream_gene_variant	MODIFIER	W3030G03530	W3030G02990	YGR060W	ERG25	116604	downstream
WT-37-55-1	WT-37	752749	C	CTT	134.101	INSERTION	upstream_gene_variant	MODIFIER	W3030G03610	W3030G04090	YGR175C	ERG1	93746	upstream
WT-37-55-1	WT-37	823352	AT	A	161.31	DELETION	upstream_gene_variant	MODIFIER	W3030G03950	W3030G04090	YGR175C	ERG1	23143	upstream
WT-37-55-1	WT-37	848074	G	GAT	228.238	INSERTION	upstream_gene_variant	MODIFIER	W3030G04060	W3030G04090	YGR175C	ERG1	88	downstream
WT-37-55-1	WT-37	848101	G	GA	51.6115	INSERTION	upstream_gene_variant	MODIFIER	W3030G04060	W3030G04090	YGR175C	ERG1	115	downstream
WT-37-55-1	WT-37	855954	A	AT	129.164	INSERTION	upstream_gene_variant	MODIFIER	W3030G04110	W3030G04090	YGR175C	ERG1	7968	downstream
WT-37-55-1	WT-37	855989	C	CA	66.2102	INSERTION	upstream_gene_variant	MODIFIER	W3030G04110	W3030G04090	YGR175C	ERG1	8003	downstream
WT-37-55-1	WT-37	982371	G	GAA	80.8551	INSERTION	upstream_gene_variant	MODIFIER	W3030G04710	W3030G04090	YGR175C	ERG1	134385	downstream
WT-37-55-1	WT-37	1011419	C	CT	107.887	INSERTION	upstream_gene_variant	MODIFIER	W3030G04840	W3030G04090	YGR175C	ERG1	163433	downstream
WT-37-55-1	WT-37	1011597	CA	C	160.356	DELETION	upstream_gene_variant	MODIFIER	W3030G04840	W3030G04090	YGR175C	ERG1	163611	downstream
WT-37-55-1	WT-37	1052732	A	AT	228.288	INSERTION	upstream_gene_variant	MODIFIER	W3030G05030	W3030G04090	YGR175C	ERG1	204746	downstream
WT-37-55-2	WT-37	85087	GA	G	228.319	DELETION	upstream_gene_variant	MODIFIER	W3030G00550	W3030G02340	YGL012W	ERG4	384761	upstream
WT-37-55-2	WT-37	163383	CA	C	158.169	DELETION	upstream_gene_variant	MODIFIER	W3030G00840	W3030G02340	YGL012W	ERG4	306465	upstream
WT-37-55-2	WT-37	303766	CAT	C	55.6719	DELETION	upstream_gene_variant	MODIFIER	W3030G01460	W3030G02340	YGL012W	ERG4	166082	upstream
WT-37-55-2	WT-37	394427	GA	G	58.6734	DELETION	upstream_gene_variant	MODIFIER	W3030G01930	W3030G02340	YGL012W	ERG4	75421	upstream
WT-37-55-2	WT-37	443718	C	A	225.417	SNV	missense_variant	MODERATE	W3030G02200	W3030G02340	YGL012W	ERG4	26130	upstream
WT-37-55-2	WT-37	482499	G	GC	228.394	INSERTION	upstream_gene_variant	MODIFIER	W3030G02380	W3030G02340	YGL012W	ERG4	11229	downstream
WT-37-55-2	WT-37	527740	TACG	T	225.179	DELETION	disruptive_inframe_deletion	MODERATE	W3030G02640	W3030G02340	YGL012W	ERG4	56470	downstream
WT-37-55-2	WT-37	552359	T	C	225.417	SNV	upstream_gene_variant	MODIFIER	W3030G02740	W3030G02990	YGR060W	ERG25	55332	upstream
WT-37-55-2	WT-37	579658	TA	T	97.8159	DELETION	upstream_gene_variant	MODIFIER	W3030G02850	W3030G02990	YGR060W	ERG25	28033	upstream
WT-37-55-2	WT-37	591742	C	T	225.417	SNV	missense_variant	MODERATE	W3030G02910	W3030G02990	YGR060W	ERG25	15949	upstream
WT-37-55-2	WT-37	593589	G	T	225.417	SNV	upstream_gene_variant	MODIFIER	W3030G02920	W3030G02990	YGR060W	ERG25	14102	upstream
WT-37-55-2	WT-37	606238	T	TA	199.162	INSERTION	upstream_gene_variant	MODIFIER	W3030G02960	W3030G02990	YGR060W	ERG25	1453	upstream
WT-37-55-2	WT-37	608638	C	CA	189.161	INSERTION	downstream_gene_variant	MODIFIER	W3030G02970	W3030G02990	YGR060W	ERG25	17	downstream
WT-37-55-2	WT-37	608706	C	CT	179.058	INSERTION	downstream_gene_variant	MODIFIER	W3030G02970	W3030G02990	YGR060W	ERG25	85	downstream
WT-37-55-2	WT-37	613297	AT	A	65.582	DELETION	upstream_gene_variant	MODIFIER	W3030G03000	W3030G02990	YGR060W	ERG25	4676	downstream
WT-37-55-2	WT-37	614579	T	TA	228.237	INSERTION	upstream_gene_variant	MODIFIER	W3030G03000	W3030G02990	YGR060W	ERG25	5958	downstream
WT-37-55-2	WT-37	648184	GA	G	182.171	DELETION	upstream_gene_variant	MODIFIER	W3030G03190	W3030G02990	YGR060W	ERG25	39563	downstream
WT-37-55-2	WT-37	649207	G	C	225.417	SNV	missense_variant	MODERATE	W3030G03230	W3030G02990	YGR060W	ERG25	40586	downstream
WT-37-55-2	WT-37	675910	A	AT	201.364	INSERTION	upstream_gene_variant	MODIFIER	W3030G03320	W3030G02990	YGR060W	ERG25	67289	downstream
WT-37-55-2	WT-37	696565	G	GT	228.34	INSERTION	frameshift_variant	HIGH	W3030G03430	W3030G02990	YGR060W	ERG25	87944	downstream
WT-37-55-2	WT-37	725225	CT	C	112.894	DELETION	upstream_gene_variant	MODIFIER	W3030G03530	W3030G02990	YGR060W	ERG25	116604	downstream
WT-37-55-2	WT-37	752749	C	CTT	131.753	INSERTION	upstream_gene_variant	MODIFIER	W3030G03610	W3030G04090	YGR175C	ERG1	93746	upstream
WT-37-55-2	WT-37	818556	C	CAA	22.0576	INSERTION	upstream_gene_variant	MODIFIER	W3030G03930	W3030G04090	YGR175C	ERG1	27939	upstream
WT-37-55-2	WT-37	823351	TA	T	162.318	DELETION	upstream_gene_variant	MODIFIER	W3030G03950	W3030G04090	YGR175C	ERG1	23144	upstream
WT-37-55-2	WT-37	823352	AT	A	146.311	DELETION	upstream_gene_variant	MODIFIER	W3030G03950	W3030G04090	YGR175C	ERG1	23143	upstream
WT-37-55-2	WT-37	848074	G	GAT	220.182	INSERTION	upstream_gene_variant	MODIFIER	W3030G04060	W3030G04090	YGR175C	ERG1	88	downstream
WT-37-55-2	WT-37	848101	G	GA	101.066	INSERTION	upstream_gene_variant	MODIFIER	W3030G04060	W3030G04090	YGR175C	ERG1	115	downstream
WT-37-55-2	WT-37	855954	A	AT	139.351	INSERTION	upstream_gene_variant	MODIFIER	W3030G04110	W3030G04090	YGR175C	ERG1	7968	downstream
WT-37-55-2	WT-37	855989	C	CA	74.2866	INSERTION	upstream_gene_variant	MODIFIER	W3030G04110	W3030G04090	YGR175C	ERG1	8003	downstream
WT-37-55-2	WT-37	982371	G	GA	141.053	INSERTION	upstream_gene_variant	MODIFIER	W3030G04710	W3030G04090	YGR175C	ERG1	134385	downstream
WT-37-55-2	WT-37	1011419	C	CT	104.193	INSERTION	upstream_gene_variant	MODIFIER	W3030G04840	W3030G04090	YGR175C	ERG1	163433	downstream
WT-37-55-2	WT-37	1011597	CA	C	139.961	DELETION	upstream_gene_variant	MODIFIER	W3030G04840	W3030G04090	YGR175C	ERG1	163611	downstream
WT-37-55-2	WT-37	1052732	A	AT	220.269	INSERTION	upstream_gene_variant	MODIFIER	W3030G05030	W3030G04090	YGR175C	ERG1	204746	downstream
WT-37-55-3	WT-37	199	ACAC	A	79.0514	DELETION	upstream_gene_variant	MODIFIER	W3030G00110	W3030G02340	YGL012W	ERG4	469649	upstream
WT-37-55-3	WT-37	85087	GA	G	173.233	DELETION	upstream_gene_variant	MODIFIER	W3030G00550	W3030G02340	YGL012W	ERG4	384761	upstream
WT-37-55-3	WT-37	163010	CA	C	45.721	DELETION	upstream_gene_variant	MODIFIER	W3030G00840	W3030G02340	YGL012W	ERG4	306838	upstream
WT-37-55-3	WT-37	163383	CA	C	100.903	DELETION	upstream_gene_variant	MODIFIER	W3030G00840	W3030G02340	YGL012W	ERG4	306465	upstream
WT-37-55-3	WT-37	363370	TA	T	82.6861	DELETION	upstream_gene_variant	MODIFIER	W3030G01750	W3030G02340	YGL012W	ERG4	106478	upstream
WT-37-55-3	WT-37	394427	GA	G	65.6771	DELETION	upstream_gene_variant	MODIFIER	W3030G01930	W3030G02340	YGL012W	ERG4	75421	upstream
WT-37-55-3	WT-37	443718	C	A	225.417	SNV	missense_variant	MODERATE	W3030G02200	W3030G02340	YGL012W	ERG4	26130	upstream
WT-37-55-3	WT-37	482499	G	GC	228.311	INSERTION	upstream_gene_variant	MODIFIER	W3030G02380	W3030G02340	YGL012W	ERG4	11229	downstream
WT-37-55-3	WT-37	527740	TACG	T	228.293	DELETION	disruptive_inframe_deletion	MODERATE	W3030G02640	W3030G02340	YGL012W	ERG4	56470	downstream
WT-37-55-3	WT-37	552359	T	C	225.417	SNV	upstream_gene_variant	MODIFIER	W3030G02740	W3030G02990	YGR060W	ERG25	55332	upstream
WT-37-55-3	WT-37	579658	TA	T	40.4264	DELETION	upstream_gene_variant	MODIFIER	W3030G02850	W3030G02990	YGR060W	ERG25	28033	upstream
WT-37-55-3	WT-37	591742	C	T	228.409	SNV	missense_variant	MODERATE	W3030G02910	W3030G02990	YGR060W	ERG25	15949	upstream
WT-37-55-3	WT-37	593589	G	T	225.417	SNV	upstream_gene_variant	MODIFIER	W3030G02920	W3030G02990	YGR060W	ERG25	14102	upstream
WT-37-55-3	WT-37	606238	T	TA	85.7606	INSERTION	upstream_gene_variant	MODIFIER	W3030G02960	W3030G02990	YGR060W	ERG25	1453	upstream
WT-37-55-3	WT-37	608638	C	CA	184.124	INSERTION	downstream_gene_variant	MODIFIER	W3030G02970	W3030G02990	YGR060W	ERG25	17	downstream
WT-37-55-3	WT-37	608706	C	CT	147.079	INSERTION	downstream_gene_variant	MODIFIER	W3030G02970	W3030G02990	YGR060W	ERG25	85	downstream
WT-37-55-3	WT-37	613297	AT	A	90.7939	DELETION	upstream_gene_variant	MODIFIER	W3030G03000	W3030G02990	YGR060W	ERG25	4676	downstream
WT-37-55-3	WT-37	614579	T	TA	228.296	INSERTION	upstream_gene_variant	MODIFIER	W3030G03000	W3030G02990	YGR060W	ERG25	5958	downstream
WT-37-55-3	WT-37	636855	GAA	G	52.507	DELETION	upstream_gene_variant	MODIFIER	W3030G03110	W3030G02990	YGR060W	ERG25	28234	downstream
WT-37-55-3	WT-37	648184	GA	G	124.913	DELETION	upstream_gene_variant	MODIFIER	W3030G03190	W3030G02990	YGR060W	ERG25	39563	downstream
WT-37-55-3	WT-37	649207	G	C	225.417	SNV	missense_variant	MODERATE	W3030G03230	W3030G02990	YGR060W	ERG25	40586	downstream
WT-37-55-3	WT-37	675910	A	AT	228.228	INSERTION	upstream_gene_variant	MODIFIER	W3030G03320	W3030G02990	YGR060W	ERG25	67289	downstream
WT-37-55-3	WT-37	696565	G	GT	228.258	INSERTION	frameshift_variant	HIGH	W3030G03430	W3030G02990	YGR060W	ERG25	87944	downstream
WT-37-55-3	WT-37	725225	CT	C	86.8609	DELETION	upstream_gene_variant	MODIFIER	W3030G03530	W3030G02990	YGR060W	ERG25	116604	downstream
WT-37-55-3	WT-37	752749	C	CT	73.8019	INSERTION	upstream_gene_variant	MODIFIER	W3030G03610	W3030G04090	YGR175C	ERG1	93746	upstream
WT-37-55-3	WT-37	818556	C	CA	81.6725	INSERTION	upstream_gene_variant	MODIFIER	W3030G03930	W3030G04090	YGR175C	ERG1	27939	upstream
WT-37-55-3	WT-37	823352	AT	A	140.25	DELETION	upstream_gene_variant	MODIFIER	W3030G03950	W3030G04090	YGR175C	ERG1	23143	upstream
WT-37-55-3	WT-37	848074	G	GAT	167.99	INSERTION	upstream_gene_variant	MODIFIER	W3030G04060	W3030G04090	YGR175C	ERG1	88	downstream
WT-37-55-3	WT-37	855954	A	AT	213.331	INSERTION	upstream_gene_variant	MODIFIER	W3030G04110	W3030G04090	YGR175C	ERG1	7968	downstream
WT-37-55-3	WT-37	855989	C	CA	51.0948	INSERTION	upstream_gene_variant	MODIFIER	W3030G04110	W3030G04090	YGR175C	ERG1	8003	downstream
WT-37-55-3	WT-37	982371	G	GA	157.985	INSERTION	upstream_gene_variant	MODIFIER	W3030G04710	W3030G04090	YGR175C	ERG1	134385	downstream
WT-37-55-3	WT-37	1011419	C	CT	104.941	INSERTION	upstream_gene_variant	MODIFIER	W3030G04840	W3030G04090	YGR175C	ERG1	163433	downstream
WT-37-55-3	WT-37	1011597	CA	C	102.925	DELETION	upstream_gene_variant	MODIFIER	W3030G04840	W3030G04090	YGR175C	ERG1	163611	downstream
WT-37-55-3	WT-37	1052732	A	AT	228.329	INSERTION	upstream_gene_variant	MODIFIER	W3030G05030	W3030G04090	YGR175C	ERG1	204746	downstream
WT-CTRL	WT-CTRL	85087	GA	G	141.416	DELETION	upstream_gene_variant	MODIFIER	W3030G00550	W3030G02340	YGL012W	ERG4	384761	upstream
WT-CTRL	WT-CTRL	163010	CA	C	20.6303	DELETION	upstream_gene_variant	MODIFIER	W3030G00840	W3030G02340	YGL012W	ERG4	306838	upstream
WT-CTRL	WT-CTRL	163383	CA	C	84.887	DELETION	upstream_gene_variant	MODIFIER	W3030G00840	W3030G02340	YGL012W	ERG4	306465	upstream
WT-CTRL	WT-CTRL	363370	TA	T	64.7169	DELETION	upstream_gene_variant	MODIFIER	W3030G01750	W3030G02340	YGL012W	ERG4	106478	upstream
WT-CTRL	WT-CTRL	394427	GA	G	107.882	DELETION	upstream_gene_variant	MODIFIER	W3030G01930	W3030G02340	YGL012W	ERG4	75421	upstream
WT-CTRL	WT-CTRL	443718	C	A	225.417	SNV	missense_variant	MODERATE	W3030G02200	W3030G02340	YGL012W	ERG4	26130	upstream
WT-CTRL	WT-CTRL	482499	G	GC	228.273	INSERTION	upstream_gene_variant	MODIFIER	W3030G02380	W3030G02340	YGL012W	ERG4	11229	downstream
WT-CTRL	WT-CTRL	527740	TACG	T	228.276	DELETION	disruptive_inframe_deletion	MODERATE	W3030G02640	W3030G02340	YGL012W	ERG4	56470	downstream
WT-CTRL	WT-CTRL	552359	T	C	225.417	SNV	upstream_gene_variant	MODIFIER	W3030G02740	W3030G02990	YGR060W	ERG25	55332	upstream
WT-CTRL	WT-CTRL	579658	TA	T	94.8022	DELETION	upstream_gene_variant	MODIFIER	W3030G02850	W3030G02990	YGR060W	ERG25	28033	upstream
WT-CTRL	WT-CTRL	591742	C	T	225.417	SNV	missense_variant	MODERATE	W3030G02910	W3030G02990	YGR060W	ERG25	15949	upstream
WT-CTRL	WT-CTRL	593589	G	T	225.417	SNV	upstream_gene_variant	MODIFIER	W3030G02920	W3030G02990	YGR060W	ERG25	14102	upstream
WT-CTRL	WT-CTRL	606238	T	TA	199.134	INSERTION	upstream_gene_variant	MODIFIER	W3030G02960	W3030G02990	YGR060W	ERG25	1453	upstream
WT-CTRL	WT-CTRL	608638	C	CA	228.289	INSERTION	downstream_gene_variant	MODIFIER	W3030G02970	W3030G02990	YGR060W	ERG25	17	downstream
WT-CTRL	WT-CTRL	608706	C	CT	204.158	INSERTION	downstream_gene_variant	MODIFIER	W3030G02970	W3030G02990	YGR060W	ERG25	85	downstream
WT-CTRL	WT-CTRL	613297	AT	A	111.862	DELETION	upstream_gene_variant	MODIFIER	W3030G03000	W3030G02990	YGR060W	ERG25	4676	downstream
WT-CTRL	WT-CTRL	614579	T	TA	228.302	INSERTION	upstream_gene_variant	MODIFIER	W3030G03000	W3030G02990	YGR060W	ERG25	5958	downstream
WT-CTRL	WT-CTRL	636855	GAA	G	42.5812	DELETION	upstream_gene_variant	MODIFIER	W3030G03110	W3030G02990	YGR060W	ERG25	28234	downstream
WT-CTRL	WT-CTRL	648184	GA	G	69.7897	DELETION	upstream_gene_variant	MODIFIER	W3030G03190	W3030G02990	YGR060W	ERG25	39563	downstream
WT-CTRL	WT-CTRL	649207	G	C	225.417	SNV	missense_variant	MODERATE	W3030G03230	W3030G02990	YGR060W	ERG25	40586	downstream
WT-CTRL	WT-CTRL	675910	A	AT	228.275	INSERTION	upstream_gene_variant	MODIFIER	W3030G03320	W3030G02990	YGR060W	ERG25	67289	downstream
WT-CTRL	WT-CTRL	696565	G	GT	228.304	INSERTION	frameshift_variant	HIGH	W3030G03430	W3030G02990	YGR060W	ERG25	87944	downstream
WT-CTRL	WT-CTRL	725225	CT	C	134.967	DELETION	upstream_gene_variant	MODIFIER	W3030G03530	W3030G02990	YGR060W	ERG25	116604	downstream
WT-CTRL	WT-CTRL	752749	C	CTT	74.7002	INSERTION	upstream_gene_variant	MODIFIER	W3030G03610	W3030G04090	YGR175C	ERG1	93746	upstream
WT-CTRL	WT-CTRL	818556	C	CA	170.052	INSERTION	upstream_gene_variant	MODIFIER	W3030G03930	W3030G04090	YGR175C	ERG1	27939	upstream
WT-CTRL	WT-CTRL	823352	AT	A	90.9529	DELETION	upstream_gene_variant	MODIFIER	W3030G03950	W3030G04090	YGR175C	ERG1	23143	upstream
WT-CTRL	WT-CTRL	848074	G	GAT	228.213	INSERTION	upstream_gene_variant	MODIFIER	W3030G04060	W3030G04090	YGR175C	ERG1	88	downstream
WT-CTRL	WT-CTRL	848101	G	GA	153.971	INSERTION	upstream_gene_variant	MODIFIER	W3030G04060	W3030G04090	YGR175C	ERG1	115	downstream
WT-CTRL	WT-CTRL	855954	A	AT	128.302	INSERTION	upstream_gene_variant	MODIFIER	W3030G04110	W3030G04090	YGR175C	ERG1	7968	downstream
WT-CTRL	WT-CTRL	982371	G	GA	107.862	INSERTION	upstream_gene_variant	MODIFIER	W3030G04710	W3030G04090	YGR175C	ERG1	134385	downstream
WT-CTRL	WT-CTRL	1011419	C	CT	172.207	INSERTION	upstream_gene_variant	MODIFIER	W3030G04840	W3030G04090	YGR175C	ERG1	163433	downstream
WT-CTRL	WT-CTRL	1011597	CA	C	114.025	DELETION	upstream_gene_variant	MODIFIER	W3030G04840	W3030G04090	YGR175C	ERG1	163611	downstream
WT-CTRL	WT-CTRL	1052732	A	AT	205.204	INSERTION	upstream_gene_variant	MODIFIER	W3030G05030	W3030G04090	YGR175C	ERG1	204746	downstream
WTA-55-1	WTA	85087	GA	G	165.197	DELETION	upstream_gene_variant	MODIFIER	W3030G00550	W3030G02340	YGL012W	ERG4	384761	upstream
WTA-55-1	WTA	163383	CA	C	109.892	DELETION	upstream_gene_variant	MODIFIER	W3030G00840	W3030G02340	YGL012W	ERG4	306465	upstream
WTA-55-1	WTA	363370	TA	T	118.866	DELETION	upstream_gene_variant	MODIFIER	W3030G01750	W3030G02340	YGL012W	ERG4	106478	upstream
WTA-55-1	WTA	394427	GA	G	72.9541	DELETION	upstream_gene_variant	MODIFIER	W3030G01930	W3030G02340	YGL012W	ERG4	75421	upstream
WTA-55-1	WTA	443718	C	A	225.417	SNV	missense_variant	MODERATE	W3030G02200	W3030G02340	YGL012W	ERG4	26130	upstream
WTA-55-1	WTA	482499	G	GC	228.362	INSERTION	upstream_gene_variant	MODIFIER	W3030G02380	W3030G02340	YGL012W	ERG4	11229	downstream
WTA-55-1	WTA	527740	TACG	T	228.307	DELETION	disruptive_inframe_deletion	MODERATE	W3030G02640	W3030G02340	YGL012W	ERG4	56470	downstream
WTA-55-1	WTA	552359	T	C	225.417	SNV	upstream_gene_variant	MODIFIER	W3030G02740	W3030G02990	YGR060W	ERG25	55332	upstream
WTA-55-1	WTA	591742	C	T	225.417	SNV	missense_variant	MODERATE	W3030G02910	W3030G02990	YGR060W	ERG25	15949	upstream
WTA-55-1	WTA	593589	G	T	225.417	SNV	upstream_gene_variant	MODIFIER	W3030G02920	W3030G02990	YGR060W	ERG25	14102	upstream
WTA-55-1	WTA	606238	T	TA	207.135	INSERTION	upstream_gene_variant	MODIFIER	W3030G02960	W3030G02990	YGR060W	ERG25	1453	upstream
WTA-55-1	WTA	608638	C	CA	228.225	INSERTION	downstream_gene_variant	MODIFIER	W3030G02970	W3030G02990	YGR060W	ERG25	17	downstream
WTA-55-1	WTA	608706	C	CT	174.04	INSERTION	downstream_gene_variant	MODIFIER	W3030G02970	W3030G02990	YGR060W	ERG25	85	downstream
WTA-55-1	WTA	613297	AT	A	105.926	DELETION	upstream_gene_variant	MODIFIER	W3030G03000	W3030G02990	YGR060W	ERG25	4676	downstream
WTA-55-1	WTA	614579	T	TA	217.292	INSERTION	upstream_gene_variant	MODIFIER	W3030G03000	W3030G02990	YGR060W	ERG25	5958	downstream
WTA-55-1	WTA	648184	GA	G	74.7719	DELETION	upstream_gene_variant	MODIFIER	W3030G03190	W3030G02990	YGR060W	ERG25	39563	downstream
WTA-55-1	WTA	649207	G	C	225.422	SNV	missense_variant	MODERATE	W3030G03230	W3030G02990	YGR060W	ERG25	40586	downstream
WTA-55-1	WTA	675910	A	AT	228.342	INSERTION	upstream_gene_variant	MODIFIER	W3030G03320	W3030G02990	YGR060W	ERG25	67289	downstream
WTA-55-1	WTA	696565	G	GT	228.274	INSERTION	frameshift_variant	HIGH	W3030G03430	W3030G02990	YGR060W	ERG25	87944	downstream
WTA-55-1	WTA	725225	CT	C	166.086	DELETION	upstream_gene_variant	MODIFIER	W3030G03530	W3030G02990	YGR060W	ERG25	116604	downstream
WTA-55-1	WTA	752749	C	CTT	165.843	INSERTION	upstream_gene_variant	MODIFIER	W3030G03610	W3030G04090	YGR175C	ERG1	93746	upstream
WTA-55-1	WTA	818556	C	CA	88.7089	INSERTION	upstream_gene_variant	MODIFIER	W3030G03930	W3030G04090	YGR175C	ERG1	27939	upstream
WTA-55-1	WTA	823352	AT	A	130.143	DELETION	upstream_gene_variant	MODIFIER	W3030G03950	W3030G04090	YGR175C	ERG1	23143	upstream
WTA-55-1	WTA	848074	G	GAT	178.959	INSERTION	upstream_gene_variant	MODIFIER	W3030G04060	W3030G04090	YGR175C	ERG1	88	downstream
WTA-55-1	WTA	848101	G	GA	108.824	INSERTION	upstream_gene_variant	MODIFIER	W3030G04060	W3030G04090	YGR175C	ERG1	115	downstream
WTA-55-1	WTA	855954	A	AT	139.146	INSERTION	upstream_gene_variant	MODIFIER	W3030G04110	W3030G04090	YGR175C	ERG1	7968	downstream
WTA-55-1	WTA	855989	C	CAA	45.2633	INSERTION	upstream_gene_variant	MODIFIER	W3030G04110	W3030G04090	YGR175C	ERG1	8003	downstream
WTA-55-1	WTA	982371	G	GA	112.849	INSERTION	upstream_gene_variant	MODIFIER	W3030G04710	W3030G04090	YGR175C	ERG1	134385	downstream
WTA-55-1	WTA	1011419	C	CT	189.087	INSERTION	upstream_gene_variant	MODIFIER	W3030G04840	W3030G04090	YGR175C	ERG1	163433	downstream
WTA-55-1	WTA	1011597	CA	C	157.14	DELETION	upstream_gene_variant	MODIFIER	W3030G04840	W3030G04090	YGR175C	ERG1	163611	downstream
WTA-55-1	WTA	1052732	A	AT	221.345	INSERTION	upstream_gene_variant	MODIFIER	W3030G05030	W3030G04090	YGR175C	ERG1	204746	downstream
WTA-55-2	WTA	85087	GA	G	225.417	DELETION	upstream_gene_variant	MODIFIER	W3030G00550	W3030G02340	YGL012W	ERG4	384761	upstream
WTA-55-2	WTA	163010	CA	C	41.7747	DELETION	upstream_gene_variant	MODIFIER	W3030G00840	W3030G02340	YGL012W	ERG4	306838	upstream
WTA-55-2	WTA	363370	TA	T	77.7978	DELETION	upstream_gene_variant	MODIFIER	W3030G01750	W3030G02340	YGL012W	ERG4	106478	upstream
WTA-55-2	WTA	394427	GA	G	104.871	DELETION	upstream_gene_variant	MODIFIER	W3030G01930	W3030G02340	YGL012W	ERG4	75421	upstream
WTA-55-2	WTA	443718	C	A	225.417	SNV	missense_variant	MODERATE	W3030G02200	W3030G02340	YGL012W	ERG4	26130	upstream
WTA-55-2	WTA	482499	G	GC	228.4	INSERTION	upstream_gene_variant	MODIFIER	W3030G02380	W3030G02340	YGL012W	ERG4	11229	downstream
WTA-55-2	WTA	527740	TACG	T	228.292	DELETION	disruptive_inframe_deletion	MODERATE	W3030G02640	W3030G02340	YGL012W	ERG4	56470	downstream
WTA-55-2	WTA	552359	T	C	225.417	SNV	upstream_gene_variant	MODIFIER	W3030G02740	W3030G02990	YGR060W	ERG25	55332	upstream
WTA-55-2	WTA	579658	TA	T	49.5842	DELETION	upstream_gene_variant	MODIFIER	W3030G02850	W3030G02990	YGR060W	ERG25	28033	upstream
WTA-55-2	WTA	591742	C	T	225.417	SNV	missense_variant	MODERATE	W3030G02910	W3030G02990	YGR060W	ERG25	15949	upstream
WTA-55-2	WTA	593589	G	T	228.41	SNV	upstream_gene_variant	MODIFIER	W3030G02920	W3030G02990	YGR060W	ERG25	14102	upstream
WTA-55-2	WTA	606238	T	TA	195.157	INSERTION	upstream_gene_variant	MODIFIER	W3030G02960	W3030G02990	YGR060W	ERG25	1453	upstream
WTA-55-2	WTA	608638	C	CA	228.374	INSERTION	downstream_gene_variant	MODIFIER	W3030G02970	W3030G02990	YGR060W	ERG25	17	downstream
WTA-55-2	WTA	608706	C	CT	157.995	INSERTION	downstream_gene_variant	MODIFIER	W3030G02970	W3030G02990	YGR060W	ERG25	85	downstream
WTA-55-2	WTA	613297	AT	A	123.093	DELETION	upstream_gene_variant	MODIFIER	W3030G03000	W3030G02990	YGR060W	ERG25	4676	downstream
WTA-55-2	WTA	614579	T	TA	206.122	INSERTION	upstream_gene_variant	MODIFIER	W3030G03000	W3030G02990	YGR060W	ERG25	5958	downstream
WTA-55-2	WTA	648184	GA	G	157.121	DELETION	upstream_gene_variant	MODIFIER	W3030G03190	W3030G02990	YGR060W	ERG25	39563	downstream
WTA-55-2	WTA	649207	G	C	225.417	SNV	missense_variant	MODERATE	W3030G03230	W3030G02990	YGR060W	ERG25	40586	downstream
WTA-55-2	WTA	675910	A	AT	228.327	INSERTION	upstream_gene_variant	MODIFIER	W3030G03320	W3030G02990	YGR060W	ERG25	67289	downstream
WTA-55-2	WTA	696565	G	GT	228.282	INSERTION	frameshift_variant	HIGH	W3030G03430	W3030G02990	YGR060W	ERG25	87944	downstream
WTA-55-2	WTA	725225	CT	C	163.148	DELETION	upstream_gene_variant	MODIFIER	W3030G03530	W3030G02990	YGR060W	ERG25	116604	downstream
WTA-55-2	WTA	752749	C	CTT	152.969	INSERTION	upstream_gene_variant	MODIFIER	W3030G03610	W3030G04090	YGR175C	ERG1	93746	upstream
WTA-55-2	WTA	818556	C	CA	141.883	INSERTION	upstream_gene_variant	MODIFIER	W3030G03930	W3030G04090	YGR175C	ERG1	27939	upstream
WTA-55-2	WTA	823352	AT	A	91.0625	DELETION	upstream_gene_variant	MODIFIER	W3030G03950	W3030G04090	YGR175C	ERG1	23143	upstream
WTA-55-2	WTA	848074	G	GAT	224.189	INSERTION	upstream_gene_variant	MODIFIER	W3030G04060	W3030G04090	YGR175C	ERG1	88	downstream
WTA-55-2	WTA	848101	G	GA	111.825	INSERTION	upstream_gene_variant	MODIFIER	W3030G04060	W3030G04090	YGR175C	ERG1	115	downstream
WTA-55-2	WTA	855954	A	AT	191.272	INSERTION	upstream_gene_variant	MODIFIER	W3030G04110	W3030G04090	YGR175C	ERG1	7968	downstream
WTA-55-2	WTA	982371	G	GA	40.6398	INSERTION	upstream_gene_variant	MODIFIER	W3030G04710	W3030G04090	YGR175C	ERG1	134385	downstream
WTA-55-2	WTA	1011419	C	CT	180.033	INSERTION	upstream_gene_variant	MODIFIER	W3030G04840	W3030G04090	YGR175C	ERG1	163433	downstream
WTA-55-2	WTA	1011597	CA	C	135.05	DELETION	upstream_gene_variant	MODIFIER	W3030G04840	W3030G04090	YGR175C	ERG1	163611	downstream
WTA-55-2	WTA	1052732	A	AT	228.372	INSERTION	upstream_gene_variant	MODIFIER	W3030G05030	W3030G04090	YGR175C	ERG1	204746	downstream
WTA-55-3	WTA	85087	GA	G	76.8743	DELETION	upstream_gene_variant	MODIFIER	W3030G00550	W3030G02340	YGL012W	ERG4	384761	upstream
WTA-55-3	WTA	163010	CA	C	70.8242	DELETION	upstream_gene_variant	MODIFIER	W3030G00840	W3030G02340	YGL012W	ERG4	306838	upstream
WTA-55-3	WTA	163383	CA	C	100.803	DELETION	upstream_gene_variant	MODIFIER	W3030G00840	W3030G02340	YGL012W	ERG4	306465	upstream
WTA-55-3	WTA	363370	TA	T	146.132	DELETION	upstream_gene_variant	MODIFIER	W3030G01750	W3030G02340	YGL012W	ERG4	106478	upstream
WTA-55-3	WTA	394427	GA	G	56.7851	DELETION	upstream_gene_variant	MODIFIER	W3030G01930	W3030G02340	YGL012W	ERG4	75421	upstream
WTA-55-3	WTA	443718	C	A	225.417	SNV	missense_variant	MODERATE	W3030G02200	W3030G02340	YGL012W	ERG4	26130	upstream
WTA-55-3	WTA	482499	G	GC	228.349	INSERTION	upstream_gene_variant	MODIFIER	W3030G02380	W3030G02340	YGL012W	ERG4	11229	downstream
WTA-55-3	WTA	527740	TACG	T	220.164	DELETION	disruptive_inframe_deletion	MODERATE	W3030G02640	W3030G02340	YGL012W	ERG4	56470	downstream
WTA-55-3	WTA	552359	T	C	225.417	SNV	upstream_gene_variant	MODIFIER	W3030G02740	W3030G02990	YGR060W	ERG25	55332	upstream
WTA-55-3	WTA	579658	TA	T	60.6457	DELETION	upstream_gene_variant	MODIFIER	W3030G02850	W3030G02990	YGR060W	ERG25	28033	upstream
WTA-55-3	WTA	591742	C	T	225.417	SNV	missense_variant	MODERATE	W3030G02910	W3030G02990	YGR060W	ERG25	15949	upstream
WTA-55-3	WTA	593589	G	T	225.417	SNV	upstream_gene_variant	MODIFIER	W3030G02920	W3030G02990	YGR060W	ERG25	14102	upstream
WTA-55-3	WTA	606238	T	TA	211.135	INSERTION	upstream_gene_variant	MODIFIER	W3030G02960	W3030G02990	YGR060W	ERG25	1453	upstream
WTA-55-3	WTA	608638	C	CA	223.158	INSERTION	downstream_gene_variant	MODIFIER	W3030G02970	W3030G02990	YGR060W	ERG25	17	downstream
WTA-55-3	WTA	608706	C	CT	171.022	INSERTION	downstream_gene_variant	MODIFIER	W3030G02970	W3030G02990	YGR060W	ERG25	85	downstream
WTA-55-3	WTA	613297	AT	A	137.886	DELETION	upstream_gene_variant	MODIFIER	W3030G03000	W3030G02990	YGR060W	ERG25	4676	downstream
WTA-55-3	WTA	614579	T	TA	228.305	INSERTION	upstream_gene_variant	MODIFIER	W3030G03000	W3030G02990	YGR060W	ERG25	5958	downstream
WTA-55-3	WTA	648184	GA	G	158.114	DELETION	upstream_gene_variant	MODIFIER	W3030G03190	W3030G02990	YGR060W	ERG25	39563	downstream
WTA-55-3	WTA	649207	G	C	225.417	SNV	missense_variant	MODERATE	W3030G03230	W3030G02990	YGR060W	ERG25	40586	downstream
WTA-55-3	WTA	675910	A	AT	228.37	INSERTION	upstream_gene_variant	MODIFIER	W3030G03320	W3030G02990	YGR060W	ERG25	67289	downstream
WTA-55-3	WTA	696565	G	GT	225.417	INSERTION	frameshift_variant	HIGH	W3030G03430	W3030G02990	YGR060W	ERG25	87944	downstream
WTA-55-3	WTA	725225	CT	C	147.156	DELETION	upstream_gene_variant	MODIFIER	W3030G03530	W3030G02990	YGR060W	ERG25	116604	downstream
WTA-55-3	WTA	752749	C	CTT	170.964	INSERTION	upstream_gene_variant	MODIFIER	W3030G03610	W3030G04090	YGR175C	ERG1	93746	upstream
WTA-55-3	WTA	818556	C	CA	79.5639	INSERTION	upstream_gene_variant	MODIFIER	W3030G03930	W3030G04090	YGR175C	ERG1	27939	upstream
WTA-55-3	WTA	823352	AT	A	110.362	DELETION	upstream_gene_variant	MODIFIER	W3030G03950	W3030G04090	YGR175C	ERG1	23143	upstream
WTA-55-3	WTA	848074	G	GAT	228.249	INSERTION	upstream_gene_variant	MODIFIER	W3030G04060	W3030G04090	YGR175C	ERG1	88	downstream
WTA-55-3	WTA	848101	G	GA	111.92	INSERTION	upstream_gene_variant	MODIFIER	W3030G04060	W3030G04090	YGR175C	ERG1	115	downstream
WTA-55-3	WTA	855954	A	AT	154.359	INSERTION	upstream_gene_variant	MODIFIER	W3030G04110	W3030G04090	YGR175C	ERG1	7968	downstream
WTA-55-3	WTA	855989	C	CA	33.8226	INSERTION	upstream_gene_variant	MODIFIER	W3030G04110	W3030G04090	YGR175C	ERG1	8003	downstream
WTA-55-3	WTA	982371	G	GA	83.0783	INSERTION	upstream_gene_variant	MODIFIER	W3030G04710	W3030G04090	YGR175C	ERG1	134385	downstream
WTA-55-3	WTA	1011419	C	CT	165.125	INSERTION	upstream_gene_variant	MODIFIER	W3030G04840	W3030G04090	YGR175C	ERG1	163433	downstream
WTA-55-3	WTA	1011597	CA	C	195.294	DELETION	upstream_gene_variant	MODIFIER	W3030G04840	W3030G04090	YGR175C	ERG1	163611	downstream
WTA-55-3	WTA	1052732	A	AT	223.293	INSERTION	upstream_gene_variant	MODIFIER	W3030G05030	W3030G04090	YGR175C	ERG1	204746	downstream
