aa_change	aa_change_1letter	aa_pos	alt	alt_aa_1letter	chrom	distance_bin	distance_to_gene	effect	feature_type	functional_impact	functional_severity	gene_id	gene_name	hgvs_c	hgvs_p	impact	nearest_gene_id	nearest_gene_name	nearest_sc_gene_id	pos	position_relative	property_changes	qual	ref	ref_aa_1letter	sample	transcript_biotype	treatment	impact_score	distance_category	region	erg_gene
	L336V		CT	V	w303_scaffold_8	5000-10000	8149	frameshift_variant	transcript	Severe	1.0	Gene_107546_108313	W3030H00610	c.754dupA	Arg252fs	HIGH	W3030H00650	ERG11	YHR007C	107560	upstream	Protein structure disruption	228.394	C	L	STC-CTRL	protein_coding	STC	10.0	5000-10000	ERG11_upstream	ERG11
	L336V		CT	V	w303_scaffold_8	5000-10000	8149	frameshift_variant	transcript	Severe	1.0	Gene_107546_108313	W3030H00610	c.754dupA	Arg252fs	HIGH	W3030H00650	ERG11	YHR007C	107560	upstream	Protein structure disruption	228.335	C	L	CAS-55-2	protein_coding	CAS	10.0	5000-10000	ERG11_upstream	ERG11
	L336V		CT	V	w303_scaffold_8	5000-10000	8149	frameshift_variant	transcript	Severe	1.0	Gene_107546_108313	W3030H00610	c.754dupA	Arg252fs	HIGH	W3030H00650	ERG11	YHR007C	107560	upstream	Protein structure disruption	225.417	C	L	STC-55-3	protein_coding	STC	10.0	5000-10000	ERG11_upstream	ERG11
	L336V		CT	V	w303_scaffold_8	5000-10000	8149	frameshift_variant	transcript	Severe	1.0	Gene_107546_108313	W3030H00610	c.754dupA	Arg252fs	HIGH	W3030H00650	ERG11	YHR007C	107560	upstream	Protein structure disruption	221.407	C	L	WT-37-55-3	protein_coding	WT-37	10.0	5000-10000	ERG11_upstream	ERG11
	L336V		CT	V	w303_scaffold_8	5000-10000	8149	frameshift_variant	transcript	Severe	1.0	Gene_107546_108313	W3030H00610	c.754dupA	Arg252fs	HIGH	W3030H00650	ERG11	YHR007C	107560	upstream	Protein structure disruption	225.417	C	L	WT-CTRL	protein_coding	WT	10.0	5000-10000	ERG11_upstream	ERG11
	L336V		CT	V	w303_scaffold_8	5000-10000	8149	frameshift_variant	transcript	Severe	1.0	Gene_107546_108313	W3030H00610	c.754dupA	Arg252fs	HIGH	W3030H00650	ERG11	YHR007C	107560	upstream	Protein structure disruption	228.402	C	L	CAS-55-3	protein_coding	CAS	10.0	5000-10000	ERG11_upstream	ERG11
	L336V		CT	V	w303_scaffold_8	5000-10000	8149	frameshift_variant	transcript	Severe	1.0	Gene_107546_108313	W3030H00610	c.754dupA	Arg252fs	HIGH	W3030H00650	ERG11	YHR007C	107560	upstream	Protein structure disruption	228.372	C	L	CAS-55-1	protein_coding	CAS	10.0	5000-10000	ERG11_upstream	ERG11
	L336V		CT	V	w303_scaffold_8	5000-10000	8149	frameshift_variant	transcript	Severe	1.0	Gene_107546_108313	W3030H00610	c.754dupA	Arg252fs	HIGH	W3030H00650	ERG11	YHR007C	107560	upstream	Protein structure disruption	211.413	C	L	WT-37-55-2	protein_coding	WT-37	10.0	5000-10000	ERG11_upstream	ERG11
	L336V		CT	V	w303_scaffold_8	5000-10000	8149	frameshift_variant	transcript	Severe	1.0	Gene_107546_108313	W3030H00610	c.754dupA	Arg252fs	HIGH	W3030H00650	ERG11	YHR007C	107560	upstream	Protein structure disruption	220.349	C	L	CAS-CTRL	protein_coding	CAS	10.0	5000-10000	ERG11_upstream	ERG11
	L336V		CT	V	w303_scaffold_8	5000-10000	8149	frameshift_variant	transcript	Severe	1.0	Gene_107546_108313	W3030H00610	c.754dupA	Arg252fs	HIGH	W3030H00650	ERG11	YHR007C	107560	upstream	Protein structure disruption	228.361	C	L	WTA-55-1	protein_coding	WTA	10.0	5000-10000	ERG11_upstream	ERG11
	L135F		CT	F	w303_scaffold_8	5000-10000	8149	frameshift_variant	transcript	Severe	1.0	Gene_107546_108313	W3030H00610	c.754dupA	Arg252fs	HIGH	W3030H00650	ERG11	YHR007C	107560	upstream	Protein structure disruption	186.395	C	L	STC-55-1	protein_coding	STC	10.0	5000-10000	ERG11_upstream	ERG11
	L336V		CT	V	w303_scaffold_8	5000-10000	8149	frameshift_variant	transcript	Severe	1.0	Gene_107546_108313	W3030H00610	c.754dupA	Arg252fs	HIGH	W3030H00650	ERG11	YHR007C	107560	upstream	Protein structure disruption	217.396	C	L	STC-55-2	protein_coding	STC	10.0	5000-10000	ERG11_upstream	ERG11
	L336V		CT	V	w303_scaffold_8	5000-10000	8149	frameshift_variant	transcript	Severe	1.0	Gene_107546_108313	W3030H00610	c.754dupA	Arg252fs	HIGH	W3030H00650	ERG11	YHR007C	107560	upstream	Protein structure disruption	225.417	C	L	WT-37-55-1	protein_coding	WT-37	10.0	5000-10000	ERG11_upstream	ERG11
	L336V		CT	V	w303_scaffold_8	5000-10000	8149	frameshift_variant	transcript	Severe	1.0	Gene_107546_108313	W3030H00610	c.754dupA	Arg252fs	HIGH	W3030H00650	ERG11	YHR007C	107560	upstream	Protein structure disruption	228.416	C	L	WTA-55-3	protein_coding	WTA	10.0	5000-10000	ERG11_upstream	ERG11
	L336V		CT	V	w303_scaffold_8	5000-10000	8149	frameshift_variant	transcript	Severe	1.0	Gene_107546_108313	W3030H00610	c.754dupA	Arg252fs	HIGH	W3030H00650	ERG11	YHR007C	107560	upstream	Protein structure disruption	228.361	C	L	WTA-55-2	protein_coding	WTA	10.0	5000-10000	ERG11_upstream	ERG11
	L336V		CA	V	w303_scaffold_8	20000-50000	47676	frameshift_variant	transcript	Severe	1.0	Gene_297170_297751	W3030H01660	c.384dupA	Ser129fs	HIGH	W3030H01440	ERG7	YHR072W	297546	downstream	Protein structure disruption	228.405	C	L	WTA-55-2	protein_coding	WTA	10.0	10000-50000	ERG7_downstream	ERG7
	L336V		CA	V	w303_scaffold_8	20000-50000	47676	frameshift_variant	transcript	Severe	1.0	Gene_297170_297751	W3030H01660	c.384dupA	Ser129fs	HIGH	W3030H01440	ERG7	YHR072W	297546	downstream	Protein structure disruption	228.309	C	L	WTA-55-1	protein_coding	WTA	10.0	10000-50000	ERG7_downstream	ERG7
	L336V		CA	V	w303_scaffold_8	20000-50000	47676	frameshift_variant	transcript	Severe	1.0	Gene_297170_297751	W3030H01660	c.384dupA	Ser129fs	HIGH	W3030H01440	ERG7	YHR072W	297546	downstream	Protein structure disruption	228.284	C	L	WT-CTRL	protein_coding	WT	10.0	10000-50000	ERG7_downstream	ERG7
	L336V		CA	V	w303_scaffold_8	20000-50000	47676	frameshift_variant	transcript	Severe	1.0	Gene_297170_297751	W3030H01660	c.384dupA	Ser129fs	HIGH	W3030H01440	ERG7	YHR072W	297546	downstream	Protein structure disruption	228.389	C	L	STC-CTRL	protein_coding	STC	10.0	10000-50000	ERG7_downstream	ERG7
	L336V		CA	V	w303_scaffold_8	20000-50000	47676	frameshift_variant	transcript	Severe	1.0	Gene_297170_297751	W3030H01660	c.384dupA	Ser129fs	HIGH	W3030H01440	ERG7	YHR072W	297546	downstream	Protein structure disruption	228.345	C	L	CAS-55-2	protein_coding	CAS	10.0	10000-50000	ERG7_downstream	ERG7
	L336V		CA	V	w303_scaffold_8	20000-50000	47676	frameshift_variant	transcript	Severe	1.0	Gene_297170_297751	W3030H01660	c.384dupA	Ser129fs	HIGH	W3030H01440	ERG7	YHR072W	297546	downstream	Protein structure disruption	228.351	C	L	WT-37-55-1	protein_coding	WT-37	10.0	10000-50000	ERG7_downstream	ERG7
	L336V		CA	V	w303_scaffold_8	20000-50000	47676	frameshift_variant	transcript	Severe	1.0	Gene_297170_297751	W3030H01660	c.384dupA	Ser129fs	HIGH	W3030H01440	ERG7	YHR072W	297546	downstream	Protein structure disruption	228.4	C	L	STC-55-3	protein_coding	STC	10.0	10000-50000	ERG7_downstream	ERG7
	L336V		CA	V	w303_scaffold_8	20000-50000	47676	frameshift_variant	transcript	Severe	1.0	Gene_297170_297751	W3030H01660	c.384dupA	Ser129fs	HIGH	W3030H01440	ERG7	YHR072W	297546	downstream	Protein structure disruption	228.339	C	L	CAS-55-3	protein_coding	CAS	10.0	10000-50000	ERG7_downstream	ERG7
	L336V		CA	V	w303_scaffold_8	20000-50000	47676	frameshift_variant	transcript	Severe	1.0	Gene_297170_297751	W3030H01660	c.384dupA	Ser129fs	HIGH	W3030H01440	ERG7	YHR072W	297546	downstream	Protein structure disruption	228.364	C	L	CAS-CTRL	protein_coding	CAS	10.0	10000-50000	ERG7_downstream	ERG7
	L336V		CA	V	w303_scaffold_8	20000-50000	47676	frameshift_variant	transcript	Severe	1.0	Gene_297170_297751	W3030H01660	c.384dupA	Ser129fs	HIGH	W3030H01440	ERG7	YHR072W	297546	downstream	Protein structure disruption	228.345	C	L	WTA-55-3	protein_coding	WTA	10.0	10000-50000	ERG7_downstream	ERG7
	L336V		CA	V	w303_scaffold_8	20000-50000	47676	frameshift_variant	transcript	Severe	1.0	Gene_297170_297751	W3030H01660	c.384dupA	Ser129fs	HIGH	W3030H01440	ERG7	YHR072W	297546	downstream	Protein structure disruption	228.381	C	L	STC-55-2	protein_coding	STC	10.0	10000-50000	ERG7_downstream	ERG7
	L336V		CA	V	w303_scaffold_8	20000-50000	47676	frameshift_variant	transcript	Severe	1.0	Gene_297170_297751	W3030H01660	c.384dupA	Ser129fs	HIGH	W3030H01440	ERG7	YHR072W	297546	downstream	Protein structure disruption	228.323	C	L	WT-37-55-2	protein_coding	WT-37	10.0	10000-50000	ERG7_downstream	ERG7
	L135F		CA	F	w303_scaffold_8	20000-50000	47676	frameshift_variant	transcript	Severe	1.0	Gene_297170_297751	W3030H01660	c.384dupA	Ser129fs	HIGH	W3030H01440	ERG7	YHR072W	297546	downstream	Protein structure disruption	228.28	C	L	STC-55-1	protein_coding	STC	10.0	10000-50000	ERG7_downstream	ERG7
	L336V		CA	V	w303_scaffold_8	20000-50000	47676	frameshift_variant	transcript	Severe	1.0	Gene_297170_297751	W3030H01660	c.384dupA	Ser129fs	HIGH	W3030H01440	ERG7	YHR072W	297546	downstream	Protein structure disruption	228.237	C	L	CAS-55-1	protein_coding	CAS	10.0	10000-50000	ERG7_downstream	ERG7
	L336V		CA	V	w303_scaffold_8	20000-50000	47676	frameshift_variant	transcript	Severe	1.0	Gene_297170_297751	W3030H01660	c.384dupA	Ser129fs	HIGH	W3030H01440	ERG7	YHR072W	297546	downstream	Protein structure disruption	228.381	C	L	WT-37-55-3	protein_coding	WT-37	10.0	10000-50000	ERG7_downstream	ERG7
Arg340Trp	R340W	340.0	T	W	w303_scaffold_7	10000-20000	15949	missense_variant	transcript	Moderate	0.75	Gene_590724_591833	W3030G02910	c.1018C>T	Arg340Trp	MODERATE	W3030G02990	ERG25	YGR060W	591742	upstream	hydrophobic, charge, polarity	225.417	C	R	WT-37-55-1	protein_coding	WT-37	7.0	10000-50000	ERG25_neighborhood	ERG25
Arg340Trp	R340W	340.0	T	W	w303_scaffold_7	10000-20000	15949	missense_variant	transcript	Moderate	0.75	Gene_590724_591833	W3030G02910	c.1018C>T	Arg340Trp	MODERATE	W3030G02990	ERG25	YGR060W	591742	upstream	hydrophobic, charge, polarity	225.417	C	R	CAS-55-1	protein_coding	CAS	7.0	10000-50000	ERG25_neighborhood	ERG25
Arg340Trp	R340W	340.0	T	W	w303_scaffold_7	10000-20000	15949	missense_variant	transcript	Moderate	0.75	Gene_590724_591833	W3030G02910	c.1018C>T	Arg340Trp	MODERATE	W3030G02990	ERG25	YGR060W	591742	upstream	hydrophobic, charge, polarity	228.409	C	R	WT-37-55-3	protein_coding	WT-37	7.0	10000-50000	ERG25_neighborhood	ERG25
Arg340Trp	R340W	340.0	T	W	w303_scaffold_7	10000-20000	15949	missense_variant	transcript	Moderate	0.75	Gene_590724_591833	W3030G02910	c.1018C>T	Arg340Trp	MODERATE	W3030G02990	ERG25	YGR060W	591742	upstream	hydrophobic, charge, polarity	225.417	C	R	STC-CTRL	protein_coding	STC	7.0	10000-50000	ERG25_neighborhood	ERG25
Arg340Trp	R340W	340.0	T	W	w303_scaffold_7	10000-20000	15949	missense_variant	transcript	Moderate	0.75	Gene_590724_591833	W3030G02910	c.1018C>T	Arg340Trp	MODERATE	W3030G02990	ERG25	YGR060W	591742	upstream	hydrophobic, charge, polarity	225.417	C	R	STC-55-2	protein_coding	STC	7.0	10000-50000	ERG25_neighborhood	ERG25
Arg340Trp	R340W	340.0	T	W	w303_scaffold_7	10000-20000	15949	missense_variant	transcript	Moderate	0.75	Gene_590724_591833	W3030G02910	c.1018C>T	Arg340Trp	MODERATE	W3030G02990	ERG25	YGR060W	591742	upstream	hydrophobic, charge, polarity	225.417	C	R	STC-55-1	protein_coding	STC	7.0	10000-50000	ERG25_neighborhood	ERG25
Arg340Trp	R340W	340.0	T	W	w303_scaffold_7	10000-20000	15949	missense_variant	transcript	Moderate	0.75	Gene_590724_591833	W3030G02910	c.1018C>T	Arg340Trp	MODERATE	W3030G02990	ERG25	YGR060W	591742	upstream	hydrophobic, charge, polarity	225.422	C	R	CAS-55-2	protein_coding	CAS	7.0	10000-50000	ERG25_neighborhood	ERG25
Arg340Trp	R340W	340.0	T	W	w303_scaffold_7	10000-20000	15949	missense_variant	transcript	Moderate	0.75	Gene_590724_591833	W3030G02910	c.1018C>T	Arg340Trp	MODERATE	W3030G02990	ERG25	YGR060W	591742	upstream	hydrophobic, charge, polarity	225.417	C	R	WT-CTRL	protein_coding	WT	7.0	10000-50000	ERG25_neighborhood	ERG25
Arg340Trp	R340W	340.0	T	W	w303_scaffold_7	10000-20000	15949	missense_variant	transcript	Moderate	0.75	Gene_590724_591833	W3030G02910	c.1018C>T	Arg340Trp	MODERATE	W3030G02990	ERG25	YGR060W	591742	upstream	hydrophobic, charge, polarity	225.417	C	R	CAS-CTRL	protein_coding	CAS	7.0	10000-50000	ERG25_neighborhood	ERG25
Arg340Trp	R340W	340.0	T	W	w303_scaffold_7	10000-20000	15949	missense_variant	transcript	Moderate	0.75	Gene_590724_591833	W3030G02910	c.1018C>T	Arg340Trp	MODERATE	W3030G02990	ERG25	YGR060W	591742	upstream	hydrophobic, charge, polarity	225.417	C	R	WTA-55-3	protein_coding	WTA	7.0	10000-50000	ERG25_neighborhood	ERG25
Arg340Trp	R340W	340.0	T	W	w303_scaffold_7	10000-20000	15949	missense_variant	transcript	Moderate	0.75	Gene_590724_591833	W3030G02910	c.1018C>T	Arg340Trp	MODERATE	W3030G02990	ERG25	YGR060W	591742	upstream	hydrophobic, charge, polarity	225.417	C	R	WTA-55-1	protein_coding	WTA	7.0	10000-50000	ERG25_neighborhood	ERG25
Arg340Trp	R340W	340.0	T	W	w303_scaffold_7	10000-20000	15949	missense_variant	transcript	Moderate	0.75	Gene_590724_591833	W3030G02910	c.1018C>T	Arg340Trp	MODERATE	W3030G02990	ERG25	YGR060W	591742	upstream	hydrophobic, charge, polarity	225.417	C	R	CAS-55-3	protein_coding	CAS	7.0	10000-50000	ERG25_neighborhood	ERG25
Arg340Trp	R340W	340.0	T	W	w303_scaffold_7	10000-20000	15949	missense_variant	transcript	Moderate	0.75	Gene_590724_591833	W3030G02910	c.1018C>T	Arg340Trp	MODERATE	W3030G02990	ERG25	YGR060W	591742	upstream	hydrophobic, charge, polarity	225.417	C	R	WTA-55-2	protein_coding	WTA	7.0	10000-50000	ERG25_neighborhood	ERG25
Arg340Trp	R340W	340.0	T	W	w303_scaffold_7	10000-20000	15949	missense_variant	transcript	Moderate	0.75	Gene_590724_591833	W3030G02910	c.1018C>T	Arg340Trp	MODERATE	W3030G02990	ERG25	YGR060W	591742	upstream	hydrophobic, charge, polarity	225.417	C	R	STC-55-3	protein_coding	STC	7.0	10000-50000	ERG25_neighborhood	ERG25
Arg340Trp	R340W	340.0	T	W	w303_scaffold_7	10000-20000	15949	missense_variant	transcript	Moderate	0.75	Gene_590724_591833	W3030G02910	c.1018C>T	Arg340Trp	MODERATE	W3030G02990	ERG25	YGR060W	591742	upstream	hydrophobic, charge, polarity	225.417	C	R	WT-37-55-2	protein_coding	WT-37	7.0	10000-50000	ERG25_neighborhood	ERG25
Leu336Val	L336V	336.0	C	V	w303_scaffold_7	20000-50000	40586	missense_variant	transcript	Mild	0.25	Gene_648520_650211	W3030G03230	c.1006C>G	Leu336Val	MODERATE	W3030G02990	ERG25	YGR060W	649207	downstream	size	225.417	G	L	WT-37-55-2	protein_coding	WT-37	5.0	10000-50000	ERG25_neighborhood	ERG25
Leu336Val	L336V	336.0	C	V	w303_scaffold_7	20000-50000	40586	missense_variant	transcript	Mild	0.25	Gene_648520_650211	W3030G03230	c.1006C>G	Leu336Val	MODERATE	W3030G02990	ERG25	YGR060W	649207	downstream	size	225.417	G	L	STC-55-2	protein_coding	STC	5.0	10000-50000	ERG25_neighborhood	ERG25
Leu336Val	L336V	336.0	C	V	w303_scaffold_7	20000-50000	40586	missense_variant	transcript	Mild	0.25	Gene_648520_650211	W3030G03230	c.1006C>G	Leu336Val	MODERATE	W3030G02990	ERG25	YGR060W	649207	downstream	size	225.417	G	L	STC-55-1	protein_coding	STC	5.0	10000-50000	ERG25_neighborhood	ERG25
Leu336Val	L336V	336.0	C	V	w303_scaffold_7	20000-50000	40586	missense_variant	transcript	Mild	0.25	Gene_648520_650211	W3030G03230	c.1006C>G	Leu336Val	MODERATE	W3030G02990	ERG25	YGR060W	649207	downstream	size	225.417	G	L	WT-37-55-1	protein_coding	WT-37	5.0	10000-50000	ERG25_neighborhood	ERG25
Leu336Val	L336V	336.0	C	V	w303_scaffold_7	20000-50000	40586	missense_variant	transcript	Mild	0.25	Gene_648520_650211	W3030G03230	c.1006C>G	Leu336Val	MODERATE	W3030G02990	ERG25	YGR060W	649207	downstream	size	225.417	G	L	CAS-55-3	protein_coding	CAS	5.0	10000-50000	ERG25_neighborhood	ERG25
Leu336Val	L336V	336.0	C	V	w303_scaffold_7	20000-50000	40586	missense_variant	transcript	Mild	0.25	Gene_648520_650211	W3030G03230	c.1006C>G	Leu336Val	MODERATE	W3030G02990	ERG25	YGR060W	649207	downstream	size	225.417	G	L	CAS-CTRL	protein_coding	CAS	5.0	10000-50000	ERG25_neighborhood	ERG25
Leu336Val	L336V	336.0	C	V	w303_scaffold_7	20000-50000	40586	missense_variant	transcript	Mild	0.25	Gene_648520_650211	W3030G03230	c.1006C>G	Leu336Val	MODERATE	W3030G02990	ERG25	YGR060W	649207	downstream	size	225.417	G	L	WTA-55-2	protein_coding	WTA	5.0	10000-50000	ERG25_neighborhood	ERG25
Leu336Val	L336V	336.0	C	V	w303_scaffold_7	20000-50000	40586	missense_variant	transcript	Mild	0.25	Gene_648520_650211	W3030G03230	c.1006C>G	Leu336Val	MODERATE	W3030G02990	ERG25	YGR060W	649207	downstream	size	225.417	G	L	STC-55-3	protein_coding	STC	5.0	10000-50000	ERG25_neighborhood	ERG25
Leu336Val	L336V	336.0	C	V	w303_scaffold_7	20000-50000	40586	missense_variant	transcript	Mild	0.25	Gene_648520_650211	W3030G03230	c.1006C>G	Leu336Val	MODERATE	W3030G02990	ERG25	YGR060W	649207	downstream	size	225.422	G	L	WTA-55-1	protein_coding	WTA	5.0	10000-50000	ERG25_neighborhood	ERG25
Leu336Val	L336V	336.0	C	V	w303_scaffold_7	20000-50000	40586	missense_variant	transcript	Mild	0.25	Gene_648520_650211	W3030G03230	c.1006C>G	Leu336Val	MODERATE	W3030G02990	ERG25	YGR060W	649207	downstream	size	225.417	G	L	WT-37-55-3	protein_coding	WT-37	5.0	10000-50000	ERG25_neighborhood	ERG25
Leu336Val	L336V	336.0	C	V	w303_scaffold_7	20000-50000	40586	missense_variant	transcript	Mild	0.25	Gene_648520_650211	W3030G03230	c.1006C>G	Leu336Val	MODERATE	W3030G02990	ERG25	YGR060W	649207	downstream	size	225.417	G	L	WTA-55-3	protein_coding	WTA	5.0	10000-50000	ERG25_neighborhood	ERG25
Leu336Val	L336V	336.0	C	V	w303_scaffold_7	20000-50000	40586	missense_variant	transcript	Mild	0.25	Gene_648520_650211	W3030G03230	c.1006C>G	Leu336Val	MODERATE	W3030G02990	ERG25	YGR060W	649207	downstream	size	225.417	G	L	STC-CTRL	protein_coding	STC	5.0	10000-50000	ERG25_neighborhood	ERG25
Leu336Val	L336V	336.0	C	V	w303_scaffold_7	20000-50000	40586	missense_variant	transcript	Mild	0.25	Gene_648520_650211	W3030G03230	c.1006C>G	Leu336Val	MODERATE	W3030G02990	ERG25	YGR060W	649207	downstream	size	225.417	G	L	WT-CTRL	protein_coding	WT	5.0	10000-50000	ERG25_neighborhood	ERG25
Leu336Val	L336V	336.0	C	V	w303_scaffold_7	20000-50000	40586	missense_variant	transcript	Mild	0.25	Gene_648520_650211	W3030G03230	c.1006C>G	Leu336Val	MODERATE	W3030G02990	ERG25	YGR060W	649207	downstream	size	225.417	G	L	CAS-55-1	protein_coding	CAS	5.0	10000-50000	ERG25_neighborhood	ERG25
Leu336Val	L336V	336.0	C	V	w303_scaffold_7	20000-50000	40586	missense_variant	transcript	Mild	0.25	Gene_648520_650211	W3030G03230	c.1006C>G	Leu336Val	MODERATE	W3030G02990	ERG25	YGR060W	649207	downstream	size	225.417	G	L	CAS-55-2	protein_coding	CAS	5.0	10000-50000	ERG25_neighborhood	ERG25
