Sample	Treatment	Scaffold	Position	Ref	Alt	Quality	Variant_Type	Effect	Impact	Gene_ID	Nearest_Gene	Nearest_Gene_SC_ID	Nearest_Gene_ERG	Distance	Position_Relative	Distance_Category	Regulatory_Region	Regulatory_Type	Conservation_Zone	TFBS	TFBS_Impact	Motif_Disruption_Score	Variant_ID
CAS-55-1	CAS	w303_scaffold_7	579658	TA	T	34.4426	DELETION	upstream_gene_variant	MODIFIER	W3030G02850	W3030G02990	YGR060W	ERG25	28033	upstream	10000-50000	UAS_distal	upstream	unknown				w303_scaffold_7:579658:TA:T
CAS-55-1	CAS	w303_scaffold_8	142266	C	G	225.417	SNV	upstream_gene_variant	MODIFIER	W3030H00760	W3030H00650	YHR007C	ERG11	24964	downstream	10000-50000	far_upstream	upstream	unknown				w303_scaffold_8:142266:C:G
CAS-55-1	CAS	w303_scaffold_16	698989	T	TAA	65.7529	INSERTION	upstream_gene_variant	MODIFIER	W3030P03470	W3030P03320	YMR202W	ERG2	30473	downstream	10000-50000	far_upstream	upstream	unknown				w303_scaffold_16:698989:T:TAA
CAS-55-1	CAS	w303_scaffold_17	118161	C	T	225.417	SNV	missense_variant	MODERATE	W3030Q00680	W3030Q00650	YNL280C	ERG24	7196	downstream	5000-10000	unknown	unknown	unknown				w303_scaffold_17:118161:C:T
CAS-55-1	CAS	w303_scaffold_17	155477	GAA	G	25.3707	DELETION	upstream_gene_variant	MODIFIER	W3030Q00810	W3030Q00650	YNL280C	ERG24	44512	downstream	10000-50000	UAS_proximal	upstream	unknown				w303_scaffold_17:155477:GAA:G
CAS-55-2	CAS	w303_scaffold_7	579658	TA	T	61.7103	DELETION	upstream_gene_variant	MODIFIER	W3030G02850	W3030G02990	YGR060W	ERG25	28033	upstream	10000-50000	UAS_distal	upstream	unknown				w303_scaffold_7:579658:TA:T
CAS-55-2	CAS	w303_scaffold_8	112675	G	GA	129.416	INSERTION	upstream_gene_variant	MODIFIER	W3030H00610	W3030H00650	YHR007C	ERG11	3034	upstream	1000-5000	far_upstream	upstream	unknown				w303_scaffold_8:112675:G:GA
CAS-55-2	CAS	w303_scaffold_8	142266	C	G	225.417	SNV	upstream_gene_variant	MODIFIER	W3030H00760	W3030H00650	YHR007C	ERG11	24964	downstream	10000-50000	far_upstream	upstream	unknown				w303_scaffold_8:142266:C:G
CAS-55-2	CAS	w303_scaffold_8	237175	GAA	G	89.0338	DELETION	upstream_gene_variant	MODIFIER	W3030H01340	W3030H01430	YHR072W	ERG7	9952	upstream	5000-10000	far_upstream	upstream	unknown				w303_scaffold_8:237175:GAA:G
CAS-55-2	CAS	w303_scaffold_17	118161	C	T	225.417	SNV	missense_variant	MODERATE	W3030Q00680	W3030Q00650	YNL280C	ERG24	7196	downstream	5000-10000	unknown	unknown	unknown				w303_scaffold_17:118161:C:T
CAS-55-3	CAS	w303_scaffold_7	579658	TA	T	42.6032	DELETION	upstream_gene_variant	MODIFIER	W3030G02850	W3030G02990	YGR060W	ERG25	28033	upstream	10000-50000	UAS_distal	upstream	unknown				w303_scaffold_7:579658:TA:T
CAS-55-3	CAS	w303_scaffold_8	107027	CT	C	59.3398	DELETION	upstream_gene_variant	MODIFIER	W3030H00590	W3030H00650	YHR007C	ERG11	8682	upstream	5000-10000	UAS_distal	upstream	unknown				w303_scaffold_8:107027:CT:C
CAS-55-3	CAS	w303_scaffold_8	142266	C	G	225.417	SNV	upstream_gene_variant	MODIFIER	W3030H00760	W3030H00650	YHR007C	ERG11	24964	downstream	10000-50000	far_upstream	upstream	unknown				w303_scaffold_8:142266:C:G
CAS-55-3	CAS	w303_scaffold_8	473874	C	CTA	140.928	INSERTION	upstream_gene_variant	MODIFIER	W3030H02520	W3030H02610	YHR190W	ERG9	19038	upstream	10000-50000	UAS_distal	upstream	unknown				w303_scaffold_8:473874:C:CTA
CAS-55-3	CAS	w303_scaffold_17	118161	C	T	225.417	SNV	missense_variant	MODERATE	W3030Q00680	W3030Q00650	YNL280C	ERG24	7196	downstream	5000-10000	unknown	unknown	unknown				w303_scaffold_17:118161:C:T
STC-55-1	STC	w303_scaffold_7	887578	C	G	225.417	SNV	missense_variant	MODERATE	W3030G04250	W3030G04090	YGR175C	ERG1	39592	downstream	10000-50000	unknown	unknown	unknown				w303_scaffold_7:887578:C:G
STC-55-1	STC	w303_scaffold_8	473874	C	CTA	77.7203	INSERTION	upstream_gene_variant	MODIFIER	W3030H02520	W3030H02610	YHR190W	ERG9	19038	upstream	10000-50000	UAS_distal	upstream	unknown				w303_scaffold_8:473874:C:CTA
STC-55-2	STC	w303_scaffold_7	855989	C	CA	43.8855	INSERTION	upstream_gene_variant	MODIFIER	W3030G04110	W3030G04090	YGR175C	ERG1	8003	downstream	5000-10000	far_upstream	upstream	unknown				w303_scaffold_7:855989:C:CA
STC-55-2	STC	w303_scaffold_8	107027	CT	C	28.1995	DELETION	upstream_gene_variant	MODIFIER	W3030H00590	W3030H00650	YHR007C	ERG11	8682	upstream	5000-10000	UAS_distal	upstream	unknown				w303_scaffold_8:107027:CT:C
STC-55-2	STC	w303_scaffold_16	696084	C	T	225.417	SNV	synonymous_variant	LOW	W3030P03440	W3030P03320	YMR202W	ERG2	27568	downstream	10000-50000	unknown	unknown	unknown				w303_scaffold_16:696084:C:T
STC-55-3	STC	w303_scaffold_7	571818	T	C	225.417	SNV	upstream_gene_variant	MODIFIER	W3030G02810	W3030G02990	YGR060W	ERG25	35873	upstream	10000-50000	far_upstream	upstream	unknown				w303_scaffold_7:571818:T:C
STC-55-3	STC	w303_scaffold_7	855989	C	CA	82.0872	INSERTION	upstream_gene_variant	MODIFIER	W3030G04110	W3030G04090	YGR175C	ERG1	8003	downstream	5000-10000	far_upstream	upstream	unknown				w303_scaffold_7:855989:C:CA
STC-55-3	STC	w303_scaffold_8	473874	C	CTA	174.22	INSERTION	upstream_gene_variant	MODIFIER	W3030H02520	W3030H02610	YHR190W	ERG9	19038	upstream	10000-50000	UAS_distal	upstream	unknown				w303_scaffold_8:473874:C:CTA
WT-37-55-1	WT-37	w303_scaffold_7	646664	G	GA	228.168	INSERTION	upstream_gene_variant	MODIFIER	W3030G03190	W3030G02990	YGR060W	ERG25	38043	downstream	10000-50000	far_upstream	upstream	unknown				w303_scaffold_7:646664:G:GA
WT-37-55-1	WT-37	w303_scaffold_7	855989	C	CA	66.2102	INSERTION	upstream_gene_variant	MODIFIER	W3030G04110	W3030G04090	YGR175C	ERG1	8003	downstream	5000-10000	far_upstream	upstream	unknown				w303_scaffold_7:855989:C:CA
WT-37-55-1	WT-37	w303_scaffold_12	296291	G	A	225.417	SNV	missense_variant	MODERATE	W3030L01480	W3030L01320	YLR056W	ERG3	26116	downstream	10000-50000	five_prime_UTR	downstream	unknown				w303_scaffold_12:296291:G:A
WT-37-55-1	WT-37	w303_scaffold_16	343681	C	A	225.417	SNV	missense_variant	MODERATE	W3030P01730	W3030P01520	YMR015C	ERG5	40870	downstream	10000-50000	unknown	unknown	unknown				w303_scaffold_16:343681:C:A
WT-37-55-1	WT-37	w303_scaffold_17	119029	G	T	225.417	SNV	missense_variant	MODERATE	W3030Q00680	W3030Q00650	YNL280C	ERG24	8064	downstream	5000-10000	unknown	unknown	unknown				w303_scaffold_17:119029:G:T
WT-37-55-1	WT-37	w303_scaffold_17	155477	GAA	G	90.6275	DELETION	upstream_gene_variant	MODIFIER	W3030Q00810	W3030Q00650	YNL280C	ERG24	44512	downstream	10000-50000	UAS_proximal	upstream	unknown				w303_scaffold_17:155477:GAA:G
WT-37-55-2	WT-37	w303_scaffold_7	818556	C	CAA	22.0576	INSERTION	upstream_gene_variant	MODIFIER	W3030G03930	W3030G04090	YGR175C	ERG1	27939	upstream	10000-50000	far_upstream	upstream	unknown				w303_scaffold_7:818556:C:CAA
WT-37-55-2	WT-37	w303_scaffold_7	823351	TA	T	162.318	DELETION	upstream_gene_variant	MODIFIER	W3030G03950	W3030G04090	YGR175C	ERG1	23144	upstream	10000-50000	far_upstream	upstream	unknown				w303_scaffold_7:823351:TA:T
WT-37-55-2	WT-37	w303_scaffold_7	855989	C	CA	74.2866	INSERTION	upstream_gene_variant	MODIFIER	W3030G04110	W3030G04090	YGR175C	ERG1	8003	downstream	5000-10000	far_upstream	upstream	unknown				w303_scaffold_7:855989:C:CA
WT-37-55-2	WT-37	w303_scaffold_8	74766	GCAGCCACCAAGCCGGTTTTTACAGATCTACCGGCGGGGGGNNNNNNNNNN	G	56.2445	DELETION	frameshift_variant&stop_lost&splice_region_variant	HIGH	W3030H00410	W3030H00650	YHR007C	ERG11	40943	upstream	10000-50000	terminator	downstream	unknown				w303_scaffold_8:74766:GCAGCCACCAAGCCGGTTTTTACAGATCTACCGGCGGGGGGNNNNNNNNNN:G
WT-37-55-2	WT-37	w303_scaffold_16	343681	C	A	225.417	SNV	missense_variant	MODERATE	W3030P01730	W3030P01520	YMR015C	ERG5	40870	downstream	10000-50000	unknown	unknown	unknown				w303_scaffold_16:343681:C:A
WT-37-55-2	WT-37	w303_scaffold_17	119029	G	T	225.417	SNV	missense_variant	MODERATE	W3030Q00680	W3030Q00650	YNL280C	ERG24	8064	downstream	5000-10000	unknown	unknown	unknown				w303_scaffold_17:119029:G:T
WT-37-55-3	WT-37	w303_scaffold_7	855989	C	CA	51.0948	INSERTION	upstream_gene_variant	MODIFIER	W3030G04110	W3030G04090	YGR175C	ERG1	8003	downstream	5000-10000	far_upstream	upstream	unknown				w303_scaffold_7:855989:C:CA
WT-37-55-3	WT-37	w303_scaffold_8	74766	GCAGCCACCAAGCCGGTTTTTACAGATCTACCGGCGGGGGGNNNNNNNNNN	G	48.251	DELETION	frameshift_variant&stop_lost&splice_region_variant	HIGH	W3030H00410	W3030H00650	YHR007C	ERG11	40943	upstream	10000-50000	terminator	downstream	unknown				w303_scaffold_8:74766:GCAGCCACCAAGCCGGTTTTTACAGATCTACCGGCGGGGGGNNNNNNNNNN:G
WT-37-55-3	WT-37	w303_scaffold_8	237175	GAA	G	78.7317	DELETION	upstream_gene_variant	MODIFIER	W3030H01340	W3030H01430	YHR072W	ERG7	9952	upstream	5000-10000	far_upstream	upstream	unknown				w303_scaffold_8:237175:GAA:G
WT-37-55-3	WT-37	w303_scaffold_8	516868	CAA	C	22.4847	DELETION	upstream_gene_variant	MODIFIER	W3030H02750	W3030H02610	YHR190W	ERG9	22621	downstream	10000-50000	far_upstream	upstream	unknown				w303_scaffold_8:516868:CAA:C
WT-37-55-3	WT-37	w303_scaffold_16	343681	C	A	225.417	SNV	missense_variant	MODERATE	W3030P01730	W3030P01520	YMR015C	ERG5	40870	downstream	10000-50000	unknown	unknown	unknown				w303_scaffold_16:343681:C:A
WT-37-55-3	WT-37	w303_scaffold_17	119029	G	T	228.354	SNV	missense_variant	MODERATE	W3030Q00680	W3030Q00650	YNL280C	ERG24	8064	downstream	5000-10000	unknown	unknown	unknown				w303_scaffold_17:119029:G:T
WTA-55-1	WTA	w303_scaffold_7	855989	C	CAA	45.2633	INSERTION	upstream_gene_variant	MODIFIER	W3030G04110	W3030G04090	YGR175C	ERG1	8003	downstream	5000-10000	far_upstream	upstream	unknown				w303_scaffold_7:855989:C:CAA
WTA-55-2	WTA	w303_scaffold_16	321651	C	CAT	151.941	INSERTION	upstream_gene_variant	MODIFIER	W3030P01580	W3030P01520	YMR015C	ERG5	18840	downstream	10000-50000	far_upstream	upstream	unknown				w303_scaffold_16:321651:C:CAT
WTA-55-3	WTA	w303_scaffold_7	855989	C	CA	33.8226	INSERTION	upstream_gene_variant	MODIFIER	W3030G04110	W3030G04090	YGR175C	ERG1	8003	downstream	5000-10000	far_upstream	upstream	unknown				w303_scaffold_7:855989:C:CA
WTA-55-3	WTA	w303_scaffold_8	74766	GCAGCCACCAAGCCGGTTTTTACAGATCTACCGGCGGGGGGNNNNNNNNNN	G	33.9897	DELETION	frameshift_variant&stop_lost&splice_region_variant	HIGH	W3030H00410	W3030H00650	YHR007C	ERG11	40943	upstream	10000-50000	terminator	downstream	unknown				w303_scaffold_8:74766:GCAGCCACCAAGCCGGTTTTTACAGATCTACCGGCGGGGGGNNNNNNNNNN:G
