aa_change	aa_change_1letter	aa_pos	alt	alt_aa_1letter	chrom	distance_bin	distance_to_gene	effect	feature_type	functional_impact	functional_severity	gene_id	gene_name	hgvs_c	hgvs_p	impact	nearest_gene_id	nearest_gene_name	nearest_sc_gene_id	pos	position_relative	property_changes	qual	ref	ref_aa_1letter	sample	transcript_biotype	treatment	impact_score	distance_category
Arg340Trp	R340W	340.0	T	W	w303_scaffold_7	10000-20000	15949	missense_variant	transcript	Moderate	0.75	Gene_590724_591833	W3030G02910	c.1018C>T	Arg340Trp	MODERATE	W3030G02990	ERG25	YGR060W	591742	upstream	hydrophobic, charge, polarity	225.417	C	R	WT-37-55-1	protein_coding	WT-37	7.0	10000-50000
Arg340Trp	R340W	340.0	T	W	w303_scaffold_7	10000-20000	15949	missense_variant	transcript	Moderate	0.75	Gene_590724_591833	W3030G02910	c.1018C>T	Arg340Trp	MODERATE	W3030G02990	ERG25	YGR060W	591742	upstream	hydrophobic, charge, polarity	225.417	C	R	CAS-55-1	protein_coding	CAS	7.0	10000-50000
Arg340Trp	R340W	340.0	T	W	w303_scaffold_7	10000-20000	15949	missense_variant	transcript	Moderate	0.75	Gene_590724_591833	W3030G02910	c.1018C>T	Arg340Trp	MODERATE	W3030G02990	ERG25	YGR060W	591742	upstream	hydrophobic, charge, polarity	228.409	C	R	WT-37-55-3	protein_coding	WT-37	7.0	10000-50000
Arg340Trp	R340W	340.0	T	W	w303_scaffold_7	10000-20000	15949	missense_variant	transcript	Moderate	0.75	Gene_590724_591833	W3030G02910	c.1018C>T	Arg340Trp	MODERATE	W3030G02990	ERG25	YGR060W	591742	upstream	hydrophobic, charge, polarity	225.417	C	R	STC-CTRL	protein_coding	STC	7.0	10000-50000
Arg340Trp	R340W	340.0	T	W	w303_scaffold_7	10000-20000	15949	missense_variant	transcript	Moderate	0.75	Gene_590724_591833	W3030G02910	c.1018C>T	Arg340Trp	MODERATE	W3030G02990	ERG25	YGR060W	591742	upstream	hydrophobic, charge, polarity	225.417	C	R	STC-55-2	protein_coding	STC	7.0	10000-50000
Arg340Trp	R340W	340.0	T	W	w303_scaffold_7	10000-20000	15949	missense_variant	transcript	Moderate	0.75	Gene_590724_591833	W3030G02910	c.1018C>T	Arg340Trp	MODERATE	W3030G02990	ERG25	YGR060W	591742	upstream	hydrophobic, charge, polarity	225.417	C	R	STC-55-1	protein_coding	STC	7.0	10000-50000
Arg340Trp	R340W	340.0	T	W	w303_scaffold_7	10000-20000	15949	missense_variant	transcript	Moderate	0.75	Gene_590724_591833	W3030G02910	c.1018C>T	Arg340Trp	MODERATE	W3030G02990	ERG25	YGR060W	591742	upstream	hydrophobic, charge, polarity	225.422	C	R	CAS-55-2	protein_coding	CAS	7.0	10000-50000
Arg340Trp	R340W	340.0	T	W	w303_scaffold_7	10000-20000	15949	missense_variant	transcript	Moderate	0.75	Gene_590724_591833	W3030G02910	c.1018C>T	Arg340Trp	MODERATE	W3030G02990	ERG25	YGR060W	591742	upstream	hydrophobic, charge, polarity	225.417	C	R	WT-CTRL	protein_coding	WT	7.0	10000-50000
Arg340Trp	R340W	340.0	T	W	w303_scaffold_7	10000-20000	15949	missense_variant	transcript	Moderate	0.75	Gene_590724_591833	W3030G02910	c.1018C>T	Arg340Trp	MODERATE	W3030G02990	ERG25	YGR060W	591742	upstream	hydrophobic, charge, polarity	225.417	C	R	CAS-CTRL	protein_coding	CAS	7.0	10000-50000
Arg340Trp	R340W	340.0	T	W	w303_scaffold_7	10000-20000	15949	missense_variant	transcript	Moderate	0.75	Gene_590724_591833	W3030G02910	c.1018C>T	Arg340Trp	MODERATE	W3030G02990	ERG25	YGR060W	591742	upstream	hydrophobic, charge, polarity	225.417	C	R	WTA-55-3	protein_coding	WTA	7.0	10000-50000
Arg340Trp	R340W	340.0	T	W	w303_scaffold_7	10000-20000	15949	missense_variant	transcript	Moderate	0.75	Gene_590724_591833	W3030G02910	c.1018C>T	Arg340Trp	MODERATE	W3030G02990	ERG25	YGR060W	591742	upstream	hydrophobic, charge, polarity	225.417	C	R	WTA-55-1	protein_coding	WTA	7.0	10000-50000
Arg340Trp	R340W	340.0	T	W	w303_scaffold_7	10000-20000	15949	missense_variant	transcript	Moderate	0.75	Gene_590724_591833	W3030G02910	c.1018C>T	Arg340Trp	MODERATE	W3030G02990	ERG25	YGR060W	591742	upstream	hydrophobic, charge, polarity	225.417	C	R	CAS-55-3	protein_coding	CAS	7.0	10000-50000
Arg340Trp	R340W	340.0	T	W	w303_scaffold_7	10000-20000	15949	missense_variant	transcript	Moderate	0.75	Gene_590724_591833	W3030G02910	c.1018C>T	Arg340Trp	MODERATE	W3030G02990	ERG25	YGR060W	591742	upstream	hydrophobic, charge, polarity	225.417	C	R	WTA-55-2	protein_coding	WTA	7.0	10000-50000
Arg340Trp	R340W	340.0	T	W	w303_scaffold_7	10000-20000	15949	missense_variant	transcript	Moderate	0.75	Gene_590724_591833	W3030G02910	c.1018C>T	Arg340Trp	MODERATE	W3030G02990	ERG25	YGR060W	591742	upstream	hydrophobic, charge, polarity	225.417	C	R	STC-55-3	protein_coding	STC	7.0	10000-50000
Arg340Trp	R340W	340.0	T	W	w303_scaffold_7	10000-20000	15949	missense_variant	transcript	Moderate	0.75	Gene_590724_591833	W3030G02910	c.1018C>T	Arg340Trp	MODERATE	W3030G02990	ERG25	YGR060W	591742	upstream	hydrophobic, charge, polarity	225.417	C	R	WT-37-55-2	protein_coding	WT-37	7.0	10000-50000
Leu336Val	L336V	336.0	C	V	w303_scaffold_7	20000-50000	40586	missense_variant	transcript	Mild	0.25	Gene_648520_650211	W3030G03230	c.1006C>G	Leu336Val	MODERATE	W3030G02990	ERG25	YGR060W	649207	downstream	size	225.417	G	L	WT-37-55-2	protein_coding	WT-37	5.0	10000-50000
Leu336Val	L336V	336.0	C	V	w303_scaffold_7	20000-50000	40586	missense_variant	transcript	Mild	0.25	Gene_648520_650211	W3030G03230	c.1006C>G	Leu336Val	MODERATE	W3030G02990	ERG25	YGR060W	649207	downstream	size	225.417	G	L	STC-55-2	protein_coding	STC	5.0	10000-50000
Leu336Val	L336V	336.0	C	V	w303_scaffold_7	20000-50000	40586	missense_variant	transcript	Mild	0.25	Gene_648520_650211	W3030G03230	c.1006C>G	Leu336Val	MODERATE	W3030G02990	ERG25	YGR060W	649207	downstream	size	225.417	G	L	STC-55-1	protein_coding	STC	5.0	10000-50000
Leu336Val	L336V	336.0	C	V	w303_scaffold_7	20000-50000	40586	missense_variant	transcript	Mild	0.25	Gene_648520_650211	W3030G03230	c.1006C>G	Leu336Val	MODERATE	W3030G02990	ERG25	YGR060W	649207	downstream	size	225.417	G	L	WT-37-55-1	protein_coding	WT-37	5.0	10000-50000
Leu336Val	L336V	336.0	C	V	w303_scaffold_7	20000-50000	40586	missense_variant	transcript	Mild	0.25	Gene_648520_650211	W3030G03230	c.1006C>G	Leu336Val	MODERATE	W3030G02990	ERG25	YGR060W	649207	downstream	size	225.417	G	L	CAS-55-3	protein_coding	CAS	5.0	10000-50000
Leu336Val	L336V	336.0	C	V	w303_scaffold_7	20000-50000	40586	missense_variant	transcript	Mild	0.25	Gene_648520_650211	W3030G03230	c.1006C>G	Leu336Val	MODERATE	W3030G02990	ERG25	YGR060W	649207	downstream	size	225.417	G	L	CAS-CTRL	protein_coding	CAS	5.0	10000-50000
Leu336Val	L336V	336.0	C	V	w303_scaffold_7	20000-50000	40586	missense_variant	transcript	Mild	0.25	Gene_648520_650211	W3030G03230	c.1006C>G	Leu336Val	MODERATE	W3030G02990	ERG25	YGR060W	649207	downstream	size	225.417	G	L	WTA-55-2	protein_coding	WTA	5.0	10000-50000
Leu336Val	L336V	336.0	C	V	w303_scaffold_7	20000-50000	40586	missense_variant	transcript	Mild	0.25	Gene_648520_650211	W3030G03230	c.1006C>G	Leu336Val	MODERATE	W3030G02990	ERG25	YGR060W	649207	downstream	size	225.417	G	L	STC-55-3	protein_coding	STC	5.0	10000-50000
Leu336Val	L336V	336.0	C	V	w303_scaffold_7	20000-50000	40586	missense_variant	transcript	Mild	0.25	Gene_648520_650211	W3030G03230	c.1006C>G	Leu336Val	MODERATE	W3030G02990	ERG25	YGR060W	649207	downstream	size	225.422	G	L	WTA-55-1	protein_coding	WTA	5.0	10000-50000
Leu336Val	L336V	336.0	C	V	w303_scaffold_7	20000-50000	40586	missense_variant	transcript	Mild	0.25	Gene_648520_650211	W3030G03230	c.1006C>G	Leu336Val	MODERATE	W3030G02990	ERG25	YGR060W	649207	downstream	size	225.417	G	L	WT-37-55-3	protein_coding	WT-37	5.0	10000-50000
Leu336Val	L336V	336.0	C	V	w303_scaffold_7	20000-50000	40586	missense_variant	transcript	Mild	0.25	Gene_648520_650211	W3030G03230	c.1006C>G	Leu336Val	MODERATE	W3030G02990	ERG25	YGR060W	649207	downstream	size	225.417	G	L	WTA-55-3	protein_coding	WTA	5.0	10000-50000
Leu336Val	L336V	336.0	C	V	w303_scaffold_7	20000-50000	40586	missense_variant	transcript	Mild	0.25	Gene_648520_650211	W3030G03230	c.1006C>G	Leu336Val	MODERATE	W3030G02990	ERG25	YGR060W	649207	downstream	size	225.417	G	L	STC-CTRL	protein_coding	STC	5.0	10000-50000
Leu336Val	L336V	336.0	C	V	w303_scaffold_7	20000-50000	40586	missense_variant	transcript	Mild	0.25	Gene_648520_650211	W3030G03230	c.1006C>G	Leu336Val	MODERATE	W3030G02990	ERG25	YGR060W	649207	downstream	size	225.417	G	L	WT-CTRL	protein_coding	WT	5.0	10000-50000
Leu336Val	L336V	336.0	C	V	w303_scaffold_7	20000-50000	40586	missense_variant	transcript	Mild	0.25	Gene_648520_650211	W3030G03230	c.1006C>G	Leu336Val	MODERATE	W3030G02990	ERG25	YGR060W	649207	downstream	size	225.417	G	L	CAS-55-1	protein_coding	CAS	5.0	10000-50000
Leu336Val	L336V	336.0	C	V	w303_scaffold_7	20000-50000	40586	missense_variant	transcript	Mild	0.25	Gene_648520_650211	W3030G03230	c.1006C>G	Leu336Val	MODERATE	W3030G02990	ERG25	YGR060W	649207	downstream	size	225.417	G	L	CAS-55-2	protein_coding	CAS	5.0	10000-50000
