Sample	Treatment	Scaffold	Position	Ref	Alt	Quality	Gene_ID	ERG_Name	SC_Gene_ID	Effect	Impact	Codon_Change	Amino_Acid_Change	Distance	Variant_Type	Regulatory_Region	ERG_Zone	Genetic_Context	Distance_Bin	Treatment_Group
CAS-55-1	CAS	w303_scaffold_7	848074	G	GAT	205.155	W3030G04090	ERG1	YGR175C	upstream_gene_variant	MODIFIER	c.-89_-88insAT		89	INSERTION	terminator	buffer_zone	unknown	50-100	Gene Modified
CAS-55-1	CAS	w303_scaffold_7	848101	G	GA	109.265	W3030G04090	ERG1	YGR175C	upstream_gene_variant	MODIFIER	c.-116_-115insT		116	INSERTION	terminator	buffer_zone	unknown	100-150	Gene Modified
CAS-55-1	CAS	w303_scaffold_16	667515	C	CAA	121.102	W3030P03320	ERG2	YMR202W	upstream_gene_variant	MODIFIER	c.-333_-332insAA		332	INSERTION	downstream_element	buffer_zone	unknown	300-500	Gene Modified
CAS-55-2	CAS	w303_scaffold_7	848074	G	GAT	217.176	W3030G04090	ERG1	YGR175C	upstream_gene_variant	MODIFIER	c.-89_-88insAT		89	INSERTION	terminator	buffer_zone	unknown	50-100	Gene Modified
CAS-55-2	CAS	w303_scaffold_7	848101	G	GA	159.958	W3030G04090	ERG1	YGR175C	upstream_gene_variant	MODIFIER	c.-116_-115insT		116	INSERTION	terminator	buffer_zone	unknown	100-150	Gene Modified
CAS-55-2	CAS	w303_scaffold_16	667515	C	CAA	149.162	W3030P03320	ERG2	YMR202W	upstream_gene_variant	MODIFIER	c.-333_-332insAA		332	INSERTION	downstream_element	buffer_zone	unknown	300-500	Gene Modified
CAS-55-3	CAS	w303_scaffold_7	848074	G	GAT	228.232	W3030G04090	ERG1	YGR175C	upstream_gene_variant	MODIFIER	c.-89_-88insAT		89	INSERTION	terminator	buffer_zone	unknown	50-100	Gene Modified
CAS-55-3	CAS	w303_scaffold_7	848101	G	GA	100.815	W3030G04090	ERG1	YGR175C	upstream_gene_variant	MODIFIER	c.-116_-115insT		116	INSERTION	terminator	buffer_zone	unknown	100-150	Gene Modified
CAS-55-3	CAS	w303_scaffold_16	667515	C	CAA	156.31	W3030P03320	ERG2	YMR202W	upstream_gene_variant	MODIFIER	c.-333_-332insAA		332	INSERTION	downstream_element	buffer_zone	unknown	300-500	Gene Modified
CAS-CTRL	CAS-CTRL	w303_scaffold_7	848074	G	GAT	217.237	W3030G04090	ERG1	YGR175C	upstream_gene_variant	MODIFIER	c.-89_-88insAT		89	INSERTION	terminator	buffer_zone	unknown	50-100	
CAS-CTRL	CAS-CTRL	w303_scaffold_7	848101	G	GA	141.1	W3030G04090	ERG1	YGR175C	upstream_gene_variant	MODIFIER	c.-116_-115insT		116	INSERTION	terminator	buffer_zone	unknown	100-150	
CAS-CTRL	CAS-CTRL	w303_scaffold_16	667515	C	CAA	150.217	W3030P03320	ERG2	YMR202W	upstream_gene_variant	MODIFIER	c.-333_-332insAA		332	INSERTION	downstream_element	buffer_zone	unknown	300-500	
STC-55-1	STC	w303_scaffold_7	848074	G	GAT	201.068	W3030G04090	ERG1	YGR175C	upstream_gene_variant	MODIFIER	c.-89_-88insAT		89	INSERTION	terminator	buffer_zone	unknown	50-100	Gene Modified
STC-55-1	STC	w303_scaffold_7	848101	G	GA	82.7699	W3030G04090	ERG1	YGR175C	upstream_gene_variant	MODIFIER	c.-116_-115insT		116	INSERTION	terminator	buffer_zone	unknown	100-150	Gene Modified
STC-55-1	STC	w303_scaffold_16	667515	C	CAA	197.184	W3030P03320	ERG2	YMR202W	upstream_gene_variant	MODIFIER	c.-333_-332insAA		332	INSERTION	downstream_element	buffer_zone	unknown	300-500	Gene Modified
STC-55-2	STC	w303_scaffold_7	848074	G	GAT	228.243	W3030G04090	ERG1	YGR175C	upstream_gene_variant	MODIFIER	c.-89_-88insAT		89	INSERTION	terminator	buffer_zone	unknown	50-100	Gene Modified
STC-55-2	STC	w303_scaffold_7	848101	G	GA	134.114	W3030G04090	ERG1	YGR175C	upstream_gene_variant	MODIFIER	c.-116_-115insT		116	INSERTION	terminator	buffer_zone	unknown	100-150	Gene Modified
STC-55-2	STC	w303_scaffold_16	667515	C	CAA	188.106	W3030P03320	ERG2	YMR202W	upstream_gene_variant	MODIFIER	c.-333_-332insAA		332	INSERTION	downstream_element	buffer_zone	unknown	300-500	Gene Modified
STC-55-3	STC	w303_scaffold_7	848074	G	GAT	206.192	W3030G04090	ERG1	YGR175C	upstream_gene_variant	MODIFIER	c.-89_-88insAT		89	INSERTION	terminator	buffer_zone	unknown	50-100	Gene Modified
STC-55-3	STC	w303_scaffold_7	848101	G	GA	71.8719	W3030G04090	ERG1	YGR175C	upstream_gene_variant	MODIFIER	c.-116_-115insT		116	INSERTION	terminator	buffer_zone	unknown	100-150	Gene Modified
STC-55-3	STC	w303_scaffold_16	667515	C	CAA	128.224	W3030P03320	ERG2	YMR202W	upstream_gene_variant	MODIFIER	c.-333_-332insAA		332	INSERTION	downstream_element	buffer_zone	unknown	300-500	Gene Modified
STC-CTRL	STC-CTRL	w303_scaffold_7	848074	G	GAT	178.063	W3030G04090	ERG1	YGR175C	upstream_gene_variant	MODIFIER	c.-89_-88insAT		89	INSERTION	terminator	buffer_zone	unknown	50-100	
STC-CTRL	STC-CTRL	w303_scaffold_7	848101	G	GA	33.723	W3030G04090	ERG1	YGR175C	upstream_gene_variant	MODIFIER	c.-116_-115insT		116	INSERTION	terminator	buffer_zone	unknown	100-150	
STC-CTRL	STC-CTRL	w303_scaffold_16	667515	C	CAA	62.3058	W3030P03320	ERG2	YMR202W	upstream_gene_variant	MODIFIER	c.-333_-332insAA		332	INSERTION	downstream_element	buffer_zone	unknown	300-500	
WT-37-55-1	WT-37	w303_scaffold_7	848074	G	GAT	228.238	W3030G04090	ERG1	YGR175C	upstream_gene_variant	MODIFIER	c.-89_-88insAT		89	INSERTION	terminator	buffer_zone	unknown	50-100	Non-Modified
WT-37-55-1	WT-37	w303_scaffold_7	848101	G	GA	51.6115	W3030G04090	ERG1	YGR175C	upstream_gene_variant	MODIFIER	c.-116_-115insT		116	INSERTION	terminator	buffer_zone	unknown	100-150	Non-Modified
WT-37-55-1	WT-37	w303_scaffold_16	667515	C	CAA	145.235	W3030P03320	ERG2	YMR202W	upstream_gene_variant	MODIFIER	c.-333_-332insAA		332	INSERTION	downstream_element	buffer_zone	unknown	300-500	Non-Modified
WT-37-55-2	WT-37	w303_scaffold_7	848074	G	GAT	220.182	W3030G04090	ERG1	YGR175C	upstream_gene_variant	MODIFIER	c.-89_-88insAT		89	INSERTION	terminator	buffer_zone	unknown	50-100	Non-Modified
WT-37-55-2	WT-37	w303_scaffold_7	848101	G	GA	101.066	W3030G04090	ERG1	YGR175C	upstream_gene_variant	MODIFIER	c.-116_-115insT		116	INSERTION	terminator	buffer_zone	unknown	100-150	Non-Modified
WT-37-55-2	WT-37	w303_scaffold_16	667515	C	CAA	130.81	W3030P03320	ERG2	YMR202W	upstream_gene_variant	MODIFIER	c.-333_-332insAA		332	INSERTION	downstream_element	buffer_zone	unknown	300-500	Non-Modified
WT-37-55-3	WT-37	w303_scaffold_7	848074	G	GAT	167.99	W3030G04090	ERG1	YGR175C	upstream_gene_variant	MODIFIER	c.-89_-88insAT		89	INSERTION	terminator	buffer_zone	unknown	50-100	Non-Modified
WT-37-55-3	WT-37	w303_scaffold_16	667515	C	CAA	177.072	W3030P03320	ERG2	YMR202W	upstream_gene_variant	MODIFIER	c.-333_-332insAA		332	INSERTION	downstream_element	buffer_zone	unknown	300-500	Non-Modified
WT-CTRL	WT-CTRL	w303_scaffold_7	848074	G	GAT	228.213	W3030G04090	ERG1	YGR175C	upstream_gene_variant	MODIFIER	c.-89_-88insAT		89	INSERTION	terminator	buffer_zone	unknown	50-100	
WT-CTRL	WT-CTRL	w303_scaffold_7	848101	G	GA	153.971	W3030G04090	ERG1	YGR175C	upstream_gene_variant	MODIFIER	c.-116_-115insT		116	INSERTION	terminator	buffer_zone	unknown	100-150	
WT-CTRL	WT-CTRL	w303_scaffold_16	667515	C	CAA	160.141	W3030P03320	ERG2	YMR202W	upstream_gene_variant	MODIFIER	c.-333_-332insAA		332	INSERTION	downstream_element	buffer_zone	unknown	300-500	
WTA-55-1	WTA	w303_scaffold_7	848074	G	GAT	178.959	W3030G04090	ERG1	YGR175C	upstream_gene_variant	MODIFIER	c.-89_-88insAT		89	INSERTION	terminator	buffer_zone	unknown	50-100	Non-Modified
WTA-55-1	WTA	w303_scaffold_7	848101	G	GA	108.824	W3030G04090	ERG1	YGR175C	upstream_gene_variant	MODIFIER	c.-116_-115insT		116	INSERTION	terminator	buffer_zone	unknown	100-150	Non-Modified
WTA-55-1	WTA	w303_scaffold_16	667515	C	CAA	224.276	W3030P03320	ERG2	YMR202W	upstream_gene_variant	MODIFIER	c.-333_-332insAA		332	INSERTION	downstream_element	buffer_zone	unknown	300-500	Non-Modified
WTA-55-2	WTA	w303_scaffold_7	848074	G	GAT	224.189	W3030G04090	ERG1	YGR175C	upstream_gene_variant	MODIFIER	c.-89_-88insAT		89	INSERTION	terminator	buffer_zone	unknown	50-100	Non-Modified
WTA-55-2	WTA	w303_scaffold_7	848101	G	GA	111.825	W3030G04090	ERG1	YGR175C	upstream_gene_variant	MODIFIER	c.-116_-115insT		116	INSERTION	terminator	buffer_zone	unknown	100-150	Non-Modified
WTA-55-2	WTA	w303_scaffold_16	667515	C	CAA	192.272	W3030P03320	ERG2	YMR202W	upstream_gene_variant	MODIFIER	c.-333_-332insAA		332	INSERTION	downstream_element	buffer_zone	unknown	300-500	Non-Modified
WTA-55-3	WTA	w303_scaffold_7	848074	G	GAT	228.249	W3030G04090	ERG1	YGR175C	upstream_gene_variant	MODIFIER	c.-89_-88insAT		89	INSERTION	terminator	buffer_zone	unknown	50-100	Non-Modified
WTA-55-3	WTA	w303_scaffold_7	848101	G	GA	111.92	W3030G04090	ERG1	YGR175C	upstream_gene_variant	MODIFIER	c.-116_-115insT		116	INSERTION	terminator	buffer_zone	unknown	100-150	Non-Modified
WTA-55-3	WTA	w303_scaffold_16	667515	C	CAA	218.153	W3030P03320	ERG2	YMR202W	upstream_gene_variant	MODIFIER	c.-333_-332insAA		332	INSERTION	downstream_element	buffer_zone	unknown	300-500	Non-Modified
