Sample	Treatment	Scaffold	Position	Ref	Alt	Quality	Gene_ID	ERG_Name	SC_Gene_ID	Effect	Impact	Codon_Change	Amino_Acid_Change	Distance	Variant_Type
CAS-CTRL	CAS-CTRL	w303_scaffold_7	606238	T	TA	228.187	W3030G02990	ERG25	YGR060W	upstream_gene_variant	MODIFIER	c.-1454_-1453insA		1453	INSERTION
CAS-CTRL	CAS-CTRL	w303_scaffold_7	848074	G	GAT	217.237	W3030G04090	ERG1	YGR175C	upstream_gene_variant	MODIFIER	c.-89_-88insAT		89	INSERTION
CAS-CTRL	CAS-CTRL	w303_scaffold_7	848101	G	GA	141.1	W3030G04090	ERG1	YGR175C	upstream_gene_variant	MODIFIER	c.-116_-115insT		116	INSERTION
CAS-CTRL	CAS-CTRL	w303_scaffold_16	667515	C	CAA	150.217	W3030P03320	ERG2	YMR202W	upstream_gene_variant	MODIFIER	c.-333_-332insAA		332	INSERTION
STC-CTRL	STC-CTRL	w303_scaffold_7	606238	T	TA	134.943	W3030G02990	ERG25	YGR060W	upstream_gene_variant	MODIFIER	c.-1454_-1453insA		1453	INSERTION
STC-CTRL	STC-CTRL	w303_scaffold_7	848074	G	GAT	178.063	W3030G04090	ERG1	YGR175C	upstream_gene_variant	MODIFIER	c.-89_-88insAT		89	INSERTION
STC-CTRL	STC-CTRL	w303_scaffold_7	848101	G	GA	33.723	W3030G04090	ERG1	YGR175C	upstream_gene_variant	MODIFIER	c.-116_-115insT		116	INSERTION
STC-CTRL	STC-CTRL	w303_scaffold_16	667515	C	CAA	62.3058	W3030P03320	ERG2	YMR202W	upstream_gene_variant	MODIFIER	c.-333_-332insAA		332	INSERTION
WT-CTRL	WT-CTRL	w303_scaffold_7	606238	T	TA	199.134	W3030G02990	ERG25	YGR060W	upstream_gene_variant	MODIFIER	c.-1454_-1453insA		1453	INSERTION
WT-CTRL	WT-CTRL	w303_scaffold_7	848074	G	GAT	228.213	W3030G04090	ERG1	YGR175C	upstream_gene_variant	MODIFIER	c.-89_-88insAT		89	INSERTION
WT-CTRL	WT-CTRL	w303_scaffold_7	848101	G	GA	153.971	W3030G04090	ERG1	YGR175C	upstream_gene_variant	MODIFIER	c.-116_-115insT		116	INSERTION
WT-CTRL	WT-CTRL	w303_scaffold_16	667515	C	CAA	160.141	W3030P03320	ERG2	YMR202W	upstream_gene_variant	MODIFIER	c.-333_-332insAA		332	INSERTION
