aa_change	aa_change_1letter	aa_pos	alt	alt_aa_1letter	chrom	distance_bin	distance_to_gene	effect	feature_type	functional_impact	functional_severity	gene_id	gene_name	hgvs_c	hgvs_p	impact	nearest_gene_id	nearest_gene_name	nearest_sc_gene_id	pos	position_relative	property_changes	qual	ref	ref_aa_1letter	sample	transcript_biotype	treatment	impact_score	distance_category	affected_gene_id	affected_gene_name	affected_gene_product	affected_gene_note	affected_gene_distance	affected_gene_feature_type	within_gene
Leu87Phe	L87F	87.0	T	F	w303_scaffold_17	5000-10000	7196	missense_variant	transcript	Benign	0.0	Gene_117902_119362	W3030Q00680	c.259C>T	Leu87Phe	MODERATE	W3030Q00650	ERG24	YNL280C	118161	downstream		225.417	C	L	CAS-55-3	protein_coding	CAS	4.5	5000-10000	W3030Q00680	W3030Q00680			0	gene	True
Leu87Phe	L87F	87.0	T	F	w303_scaffold_17	5000-10000	7196	missense_variant	transcript	Benign	0.0	Gene_117902_119362	W3030Q00680	c.259C>T	Leu87Phe	MODERATE	W3030Q00650	ERG24	YNL280C	118161	downstream		225.417	C	L	CAS-55-1	protein_coding	CAS	4.5	5000-10000	W3030Q00680	W3030Q00680			0	gene	True
Leu87Phe	L87F	87.0	T	F	w303_scaffold_17	5000-10000	7196	missense_variant	transcript	Benign	0.0	Gene_117902_119362	W3030Q00680	c.259C>T	Leu87Phe	MODERATE	W3030Q00650	ERG24	YNL280C	118161	downstream		225.417	C	L	CAS-55-2	protein_coding	CAS	4.5	5000-10000	W3030Q00680	W3030Q00680			0	gene	True
Arg376Ile	R376I	376.0	T	I	w303_scaffold_17	5000-10000	8064	missense_variant	transcript	Moderate	0.75	Gene_117902_119362	W3030Q00680	c.1127G>T	Arg376Ile	MODERATE	W3030Q00650	ERG24	YNL280C	119029	downstream	hydrophobic, charge, polarity	228.354	G	R	WT-37-55-3	protein_coding	WT-37	7.88	5000-10000	W3030Q00680	W3030Q00680			0	gene	True
Arg376Ile	R376I	376.0	T	I	w303_scaffold_17	5000-10000	8064	missense_variant	transcript	Moderate	0.75	Gene_117902_119362	W3030Q00680	c.1127G>T	Arg376Ile	MODERATE	W3030Q00650	ERG24	YNL280C	119029	downstream	hydrophobic, charge, polarity	225.417	G	R	WT-37-55-2	protein_coding	WT-37	7.88	5000-10000	W3030Q00680	W3030Q00680			0	gene	True
Arg376Ile	R376I	376.0	T	I	w303_scaffold_17	5000-10000	8064	missense_variant	transcript	Moderate	0.75	Gene_117902_119362	W3030Q00680	c.1127G>T	Arg376Ile	MODERATE	W3030Q00650	ERG24	YNL280C	119029	downstream	hydrophobic, charge, polarity	225.417	G	R	WT-37-55-1	protein_coding	WT-37	7.88	5000-10000	W3030Q00680	W3030Q00680			0	gene	True
	L336V		CT	V	w303_scaffold_8	5000-10000	8149	frameshift_variant	transcript	Severe	1.0	Gene_107546_108313	W3030H00610	c.754dupA	Arg252fs	HIGH	W3030H00650	ERG11	YHR007C	107560	upstream	Protein structure disruption	228.394	C	L	STC-CTRL	protein_coding	STC	10.0	5000-10000	W3030H00610	W3030H00610			0	gene	True
	L336V		CT	V	w303_scaffold_8	5000-10000	8149	frameshift_variant	transcript	Severe	1.0	Gene_107546_108313	W3030H00610	c.754dupA	Arg252fs	HIGH	W3030H00650	ERG11	YHR007C	107560	upstream	Protein structure disruption	228.335	C	L	CAS-55-2	protein_coding	CAS	10.0	5000-10000	W3030H00610	W3030H00610			0	gene	True
	L336V		CT	V	w303_scaffold_8	5000-10000	8149	frameshift_variant	transcript	Severe	1.0	Gene_107546_108313	W3030H00610	c.754dupA	Arg252fs	HIGH	W3030H00650	ERG11	YHR007C	107560	upstream	Protein structure disruption	225.417	C	L	STC-55-3	protein_coding	STC	10.0	5000-10000	W3030H00610	W3030H00610			0	gene	True
	L336V		CT	V	w303_scaffold_8	5000-10000	8149	frameshift_variant	transcript	Severe	1.0	Gene_107546_108313	W3030H00610	c.754dupA	Arg252fs	HIGH	W3030H00650	ERG11	YHR007C	107560	upstream	Protein structure disruption	221.407	C	L	WT-37-55-3	protein_coding	WT-37	10.0	5000-10000	W3030H00610	W3030H00610			0	gene	True
	L336V		CT	V	w303_scaffold_8	5000-10000	8149	frameshift_variant	transcript	Severe	1.0	Gene_107546_108313	W3030H00610	c.754dupA	Arg252fs	HIGH	W3030H00650	ERG11	YHR007C	107560	upstream	Protein structure disruption	225.417	C	L	WT-CTRL	protein_coding	WT	10.0	5000-10000	W3030H00610	W3030H00610			0	gene	True
	L336V		CT	V	w303_scaffold_8	5000-10000	8149	frameshift_variant	transcript	Severe	1.0	Gene_107546_108313	W3030H00610	c.754dupA	Arg252fs	HIGH	W3030H00650	ERG11	YHR007C	107560	upstream	Protein structure disruption	228.402	C	L	CAS-55-3	protein_coding	CAS	10.0	5000-10000	W3030H00610	W3030H00610			0	gene	True
	L336V		CT	V	w303_scaffold_8	5000-10000	8149	frameshift_variant	transcript	Severe	1.0	Gene_107546_108313	W3030H00610	c.754dupA	Arg252fs	HIGH	W3030H00650	ERG11	YHR007C	107560	upstream	Protein structure disruption	228.372	C	L	CAS-55-1	protein_coding	CAS	10.0	5000-10000	W3030H00610	W3030H00610			0	gene	True
	L336V		CT	V	w303_scaffold_8	5000-10000	8149	frameshift_variant	transcript	Severe	1.0	Gene_107546_108313	W3030H00610	c.754dupA	Arg252fs	HIGH	W3030H00650	ERG11	YHR007C	107560	upstream	Protein structure disruption	211.413	C	L	WT-37-55-2	protein_coding	WT-37	10.0	5000-10000	W3030H00610	W3030H00610			0	gene	True
	L336V		CT	V	w303_scaffold_8	5000-10000	8149	frameshift_variant	transcript	Severe	1.0	Gene_107546_108313	W3030H00610	c.754dupA	Arg252fs	HIGH	W3030H00650	ERG11	YHR007C	107560	upstream	Protein structure disruption	220.349	C	L	CAS-CTRL	protein_coding	CAS	10.0	5000-10000	W3030H00610	W3030H00610			0	gene	True
	L336V		CT	V	w303_scaffold_8	5000-10000	8149	frameshift_variant	transcript	Severe	1.0	Gene_107546_108313	W3030H00610	c.754dupA	Arg252fs	HIGH	W3030H00650	ERG11	YHR007C	107560	upstream	Protein structure disruption	228.361	C	L	WTA-55-1	protein_coding	WTA	10.0	5000-10000	W3030H00610	W3030H00610			0	gene	True
	L135F		CT	F	w303_scaffold_8	5000-10000	8149	frameshift_variant	transcript	Severe	1.0	Gene_107546_108313	W3030H00610	c.754dupA	Arg252fs	HIGH	W3030H00650	ERG11	YHR007C	107560	upstream	Protein structure disruption	186.395	C	L	STC-55-1	protein_coding	STC	10.0	5000-10000	W3030H00610	W3030H00610			0	gene	True
	L336V		CT	V	w303_scaffold_8	5000-10000	8149	frameshift_variant	transcript	Severe	1.0	Gene_107546_108313	W3030H00610	c.754dupA	Arg252fs	HIGH	W3030H00650	ERG11	YHR007C	107560	upstream	Protein structure disruption	217.396	C	L	STC-55-2	protein_coding	STC	10.0	5000-10000	W3030H00610	W3030H00610			0	gene	True
	L336V		CT	V	w303_scaffold_8	5000-10000	8149	frameshift_variant	transcript	Severe	1.0	Gene_107546_108313	W3030H00610	c.754dupA	Arg252fs	HIGH	W3030H00650	ERG11	YHR007C	107560	upstream	Protein structure disruption	225.417	C	L	WT-37-55-1	protein_coding	WT-37	10.0	5000-10000	W3030H00610	W3030H00610			0	gene	True
	L336V		CT	V	w303_scaffold_8	5000-10000	8149	frameshift_variant	transcript	Severe	1.0	Gene_107546_108313	W3030H00610	c.754dupA	Arg252fs	HIGH	W3030H00650	ERG11	YHR007C	107560	upstream	Protein structure disruption	228.416	C	L	WTA-55-3	protein_coding	WTA	10.0	5000-10000	W3030H00610	W3030H00610			0	gene	True
	L336V		CT	V	w303_scaffold_8	5000-10000	8149	frameshift_variant	transcript	Severe	1.0	Gene_107546_108313	W3030H00610	c.754dupA	Arg252fs	HIGH	W3030H00650	ERG11	YHR007C	107560	upstream	Protein structure disruption	228.361	C	L	WTA-55-2	protein_coding	WTA	10.0	5000-10000	W3030H00610	W3030H00610			0	gene	True
Arg340Trp	R340W	340.0	T	W	w303_scaffold_7	10000-20000	15949	missense_variant	transcript	Moderate	0.75	Gene_590724_591833	W3030G02910	c.1018C>T	Arg340Trp	MODERATE	W3030G02990	ERG25	YGR060W	591742	upstream	hydrophobic, charge, polarity	225.417	C	R	WT-37-55-1	protein_coding	WT-37	7.0	10000-50000	W3030G02910	W3030G02910			0	gene	True
Arg340Trp	R340W	340.0	T	W	w303_scaffold_7	10000-20000	15949	missense_variant	transcript	Moderate	0.75	Gene_590724_591833	W3030G02910	c.1018C>T	Arg340Trp	MODERATE	W3030G02990	ERG25	YGR060W	591742	upstream	hydrophobic, charge, polarity	225.417	C	R	CAS-55-1	protein_coding	CAS	7.0	10000-50000	W3030G02910	W3030G02910			0	gene	True
Arg340Trp	R340W	340.0	T	W	w303_scaffold_7	10000-20000	15949	missense_variant	transcript	Moderate	0.75	Gene_590724_591833	W3030G02910	c.1018C>T	Arg340Trp	MODERATE	W3030G02990	ERG25	YGR060W	591742	upstream	hydrophobic, charge, polarity	228.409	C	R	WT-37-55-3	protein_coding	WT-37	7.0	10000-50000	W3030G02910	W3030G02910			0	gene	True
Arg340Trp	R340W	340.0	T	W	w303_scaffold_7	10000-20000	15949	missense_variant	transcript	Moderate	0.75	Gene_590724_591833	W3030G02910	c.1018C>T	Arg340Trp	MODERATE	W3030G02990	ERG25	YGR060W	591742	upstream	hydrophobic, charge, polarity	225.417	C	R	STC-CTRL	protein_coding	STC	7.0	10000-50000	W3030G02910	W3030G02910			0	gene	True
Arg340Trp	R340W	340.0	T	W	w303_scaffold_7	10000-20000	15949	missense_variant	transcript	Moderate	0.75	Gene_590724_591833	W3030G02910	c.1018C>T	Arg340Trp	MODERATE	W3030G02990	ERG25	YGR060W	591742	upstream	hydrophobic, charge, polarity	225.417	C	R	STC-55-2	protein_coding	STC	7.0	10000-50000	W3030G02910	W3030G02910			0	gene	True
Arg340Trp	R340W	340.0	T	W	w303_scaffold_7	10000-20000	15949	missense_variant	transcript	Moderate	0.75	Gene_590724_591833	W3030G02910	c.1018C>T	Arg340Trp	MODERATE	W3030G02990	ERG25	YGR060W	591742	upstream	hydrophobic, charge, polarity	225.417	C	R	STC-55-1	protein_coding	STC	7.0	10000-50000	W3030G02910	W3030G02910			0	gene	True
Arg340Trp	R340W	340.0	T	W	w303_scaffold_7	10000-20000	15949	missense_variant	transcript	Moderate	0.75	Gene_590724_591833	W3030G02910	c.1018C>T	Arg340Trp	MODERATE	W3030G02990	ERG25	YGR060W	591742	upstream	hydrophobic, charge, polarity	225.422	C	R	CAS-55-2	protein_coding	CAS	7.0	10000-50000	W3030G02910	W3030G02910			0	gene	True
Arg340Trp	R340W	340.0	T	W	w303_scaffold_7	10000-20000	15949	missense_variant	transcript	Moderate	0.75	Gene_590724_591833	W3030G02910	c.1018C>T	Arg340Trp	MODERATE	W3030G02990	ERG25	YGR060W	591742	upstream	hydrophobic, charge, polarity	225.417	C	R	WT-CTRL	protein_coding	WT	7.0	10000-50000	W3030G02910	W3030G02910			0	gene	True
Arg340Trp	R340W	340.0	T	W	w303_scaffold_7	10000-20000	15949	missense_variant	transcript	Moderate	0.75	Gene_590724_591833	W3030G02910	c.1018C>T	Arg340Trp	MODERATE	W3030G02990	ERG25	YGR060W	591742	upstream	hydrophobic, charge, polarity	225.417	C	R	CAS-CTRL	protein_coding	CAS	7.0	10000-50000	W3030G02910	W3030G02910			0	gene	True
Arg340Trp	R340W	340.0	T	W	w303_scaffold_7	10000-20000	15949	missense_variant	transcript	Moderate	0.75	Gene_590724_591833	W3030G02910	c.1018C>T	Arg340Trp	MODERATE	W3030G02990	ERG25	YGR060W	591742	upstream	hydrophobic, charge, polarity	225.417	C	R	WTA-55-3	protein_coding	WTA	7.0	10000-50000	W3030G02910	W3030G02910			0	gene	True
Arg340Trp	R340W	340.0	T	W	w303_scaffold_7	10000-20000	15949	missense_variant	transcript	Moderate	0.75	Gene_590724_591833	W3030G02910	c.1018C>T	Arg340Trp	MODERATE	W3030G02990	ERG25	YGR060W	591742	upstream	hydrophobic, charge, polarity	225.417	C	R	WTA-55-1	protein_coding	WTA	7.0	10000-50000	W3030G02910	W3030G02910			0	gene	True
Arg340Trp	R340W	340.0	T	W	w303_scaffold_7	10000-20000	15949	missense_variant	transcript	Moderate	0.75	Gene_590724_591833	W3030G02910	c.1018C>T	Arg340Trp	MODERATE	W3030G02990	ERG25	YGR060W	591742	upstream	hydrophobic, charge, polarity	225.417	C	R	CAS-55-3	protein_coding	CAS	7.0	10000-50000	W3030G02910	W3030G02910			0	gene	True
Arg340Trp	R340W	340.0	T	W	w303_scaffold_7	10000-20000	15949	missense_variant	transcript	Moderate	0.75	Gene_590724_591833	W3030G02910	c.1018C>T	Arg340Trp	MODERATE	W3030G02990	ERG25	YGR060W	591742	upstream	hydrophobic, charge, polarity	225.417	C	R	WTA-55-2	protein_coding	WTA	7.0	10000-50000	W3030G02910	W3030G02910			0	gene	True
Arg340Trp	R340W	340.0	T	W	w303_scaffold_7	10000-20000	15949	missense_variant	transcript	Moderate	0.75	Gene_590724_591833	W3030G02910	c.1018C>T	Arg340Trp	MODERATE	W3030G02990	ERG25	YGR060W	591742	upstream	hydrophobic, charge, polarity	225.417	C	R	STC-55-3	protein_coding	STC	7.0	10000-50000	W3030G02910	W3030G02910			0	gene	True
Arg340Trp	R340W	340.0	T	W	w303_scaffold_7	10000-20000	15949	missense_variant	transcript	Moderate	0.75	Gene_590724_591833	W3030G02910	c.1018C>T	Arg340Trp	MODERATE	W3030G02990	ERG25	YGR060W	591742	upstream	hydrophobic, charge, polarity	225.417	C	R	WT-37-55-2	protein_coding	WT-37	7.0	10000-50000	W3030G02910	W3030G02910			0	gene	True
Ser199Phe	S199F	199.0	A	F	w303_scaffold_12	20000-50000	26116	missense_variant	transcript	Moderate	0.75	Gene_296283_296885	W3030L01480	c.596C>T	Ser199Phe	MODERATE	W3030L01320	ERG3	YLR056W	296291	downstream	hydrophobic, size, polarity	225.417	G	S	WT-37-55-1	protein_coding	WT-37	7.0	10000-50000	W3030L01480	W3030L01480			0	gene	True
Gly485Val	G485V	485.0	A	V	w303_scaffold_7	20000-50000	26130	missense_variant	transcript	Mild	0.25	Gene_443047_445170	W3030G02200	c.1454G>T	Gly485Val	MODERATE	W3030G02340	ERG4	YGL012W	443718	upstream	size	225.417	C	G	STC-CTRL	protein_coding	STC	5.0	10000-50000	W3030G02200	W3030G02200			0	gene	True
Gly485Val	G485V	485.0	A	V	w303_scaffold_7	20000-50000	26130	missense_variant	transcript	Mild	0.25	Gene_443047_445170	W3030G02200	c.1454G>T	Gly485Val	MODERATE	W3030G02340	ERG4	YGL012W	443718	upstream	size	225.417	C	G	WT-37-55-1	protein_coding	WT-37	5.0	10000-50000	W3030G02200	W3030G02200			0	gene	True
Gly485Val	G485V	485.0	A	V	w303_scaffold_7	20000-50000	26130	missense_variant	transcript	Mild	0.25	Gene_443047_445170	W3030G02200	c.1454G>T	Gly485Val	MODERATE	W3030G02340	ERG4	YGL012W	443718	upstream	size	225.417	C	G	WTA-55-1	protein_coding	WTA	5.0	10000-50000	W3030G02200	W3030G02200			0	gene	True
Gly485Val	G485V	485.0	A	V	w303_scaffold_7	20000-50000	26130	missense_variant	transcript	Mild	0.25	Gene_443047_445170	W3030G02200	c.1454G>T	Gly485Val	MODERATE	W3030G02340	ERG4	YGL012W	443718	upstream	size	225.417	C	G	CAS-55-3	protein_coding	CAS	5.0	10000-50000	W3030G02200	W3030G02200			0	gene	True
Gly485Val	G485V	485.0	A	V	w303_scaffold_7	20000-50000	26130	missense_variant	transcript	Mild	0.25	Gene_443047_445170	W3030G02200	c.1454G>T	Gly485Val	MODERATE	W3030G02340	ERG4	YGL012W	443718	upstream	size	225.417	C	G	WT-CTRL	protein_coding	WT	5.0	10000-50000	W3030G02200	W3030G02200			0	gene	True
Gly485Val	G485V	485.0	A	V	w303_scaffold_7	20000-50000	26130	missense_variant	transcript	Mild	0.25	Gene_443047_445170	W3030G02200	c.1454G>T	Gly485Val	MODERATE	W3030G02340	ERG4	YGL012W	443718	upstream	size	228.415	C	G	CAS-CTRL	protein_coding	CAS	5.0	10000-50000	W3030G02200	W3030G02200			0	gene	True
Gly485Val	G485V	485.0	A	V	w303_scaffold_7	20000-50000	26130	missense_variant	transcript	Mild	0.25	Gene_443047_445170	W3030G02200	c.1454G>T	Gly485Val	MODERATE	W3030G02340	ERG4	YGL012W	443718	upstream	size	225.417	C	G	WTA-55-3	protein_coding	WTA	5.0	10000-50000	W3030G02200	W3030G02200			0	gene	True
Gly485Val	G485V	485.0	A	V	w303_scaffold_7	20000-50000	26130	missense_variant	transcript	Mild	0.25	Gene_443047_445170	W3030G02200	c.1454G>T	Gly485Val	MODERATE	W3030G02340	ERG4	YGL012W	443718	upstream	size	225.417	C	G	WTA-55-2	protein_coding	WTA	5.0	10000-50000	W3030G02200	W3030G02200			0	gene	True
Gly485Val	G485V	485.0	A	V	w303_scaffold_7	20000-50000	26130	missense_variant	transcript	Mild	0.25	Gene_443047_445170	W3030G02200	c.1454G>T	Gly485Val	MODERATE	W3030G02340	ERG4	YGL012W	443718	upstream	size	225.417	C	G	WT-37-55-2	protein_coding	WT-37	5.0	10000-50000	W3030G02200	W3030G02200			0	gene	True
Gly485Val	G485V	485.0	A	V	w303_scaffold_7	20000-50000	26130	missense_variant	transcript	Mild	0.25	Gene_443047_445170	W3030G02200	c.1454G>T	Gly485Val	MODERATE	W3030G02340	ERG4	YGL012W	443718	upstream	size	225.417	C	G	STC-55-1	protein_coding	STC	5.0	10000-50000	W3030G02200	W3030G02200			0	gene	True
Gly485Val	G485V	485.0	A	V	w303_scaffold_7	20000-50000	26130	missense_variant	transcript	Mild	0.25	Gene_443047_445170	W3030G02200	c.1454G>T	Gly485Val	MODERATE	W3030G02340	ERG4	YGL012W	443718	upstream	size	225.417	C	G	STC-55-3	protein_coding	STC	5.0	10000-50000	W3030G02200	W3030G02200			0	gene	True
Gly485Val	G485V	485.0	A	V	w303_scaffold_7	20000-50000	26130	missense_variant	transcript	Mild	0.25	Gene_443047_445170	W3030G02200	c.1454G>T	Gly485Val	MODERATE	W3030G02340	ERG4	YGL012W	443718	upstream	size	225.417	C	G	CAS-55-1	protein_coding	CAS	5.0	10000-50000	W3030G02200	W3030G02200			0	gene	True
Gly485Val	G485V	485.0	A	V	w303_scaffold_7	20000-50000	26130	missense_variant	transcript	Mild	0.25	Gene_443047_445170	W3030G02200	c.1454G>T	Gly485Val	MODERATE	W3030G02340	ERG4	YGL012W	443718	upstream	size	225.417	C	G	STC-55-2	protein_coding	STC	5.0	10000-50000	W3030G02200	W3030G02200			0	gene	True
Gly485Val	G485V	485.0	A	V	w303_scaffold_7	20000-50000	26130	missense_variant	transcript	Mild	0.25	Gene_443047_445170	W3030G02200	c.1454G>T	Gly485Val	MODERATE	W3030G02340	ERG4	YGL012W	443718	upstream	size	225.417	C	G	WT-37-55-3	protein_coding	WT-37	5.0	10000-50000	W3030G02200	W3030G02200			0	gene	True
Gly485Val	G485V	485.0	A	V	w303_scaffold_7	20000-50000	26130	missense_variant	transcript	Mild	0.25	Gene_443047_445170	W3030G02200	c.1454G>T	Gly485Val	MODERATE	W3030G02340	ERG4	YGL012W	443718	upstream	size	225.417	C	G	CAS-55-2	protein_coding	CAS	5.0	10000-50000	W3030G02200	W3030G02200			0	gene	True
Leu135Phe	L135F	135.0	G	F	w303_scaffold_7	20000-50000	39592	missense_variant	transcript	Benign	0.0	Gene_886179_887981	W3030G04250	c.405G>C	Leu135Phe	MODERATE	W3030G04090	ERG1	YGR175C	887578	downstream		225.417	C	L	STC-55-1	protein_coding	STC	4.0	10000-50000	W3030G04250	W3030G04250			0	gene	True
Leu336Val	L336V	336.0	C	V	w303_scaffold_7	20000-50000	40586	missense_variant	transcript	Mild	0.25	Gene_648520_650211	W3030G03230	c.1006C>G	Leu336Val	MODERATE	W3030G02990	ERG25	YGR060W	649207	downstream	size	225.417	G	L	WT-37-55-2	protein_coding	WT-37	5.0	10000-50000	W3030G03230	W3030G03230			0	gene	True
Leu336Val	L336V	336.0	C	V	w303_scaffold_7	20000-50000	40586	missense_variant	transcript	Mild	0.25	Gene_648520_650211	W3030G03230	c.1006C>G	Leu336Val	MODERATE	W3030G02990	ERG25	YGR060W	649207	downstream	size	225.417	G	L	STC-55-2	protein_coding	STC	5.0	10000-50000	W3030G03230	W3030G03230			0	gene	True
Leu336Val	L336V	336.0	C	V	w303_scaffold_7	20000-50000	40586	missense_variant	transcript	Mild	0.25	Gene_648520_650211	W3030G03230	c.1006C>G	Leu336Val	MODERATE	W3030G02990	ERG25	YGR060W	649207	downstream	size	225.417	G	L	STC-55-1	protein_coding	STC	5.0	10000-50000	W3030G03230	W3030G03230			0	gene	True
Leu336Val	L336V	336.0	C	V	w303_scaffold_7	20000-50000	40586	missense_variant	transcript	Mild	0.25	Gene_648520_650211	W3030G03230	c.1006C>G	Leu336Val	MODERATE	W3030G02990	ERG25	YGR060W	649207	downstream	size	225.417	G	L	WT-37-55-1	protein_coding	WT-37	5.0	10000-50000	W3030G03230	W3030G03230			0	gene	True
Leu336Val	L336V	336.0	C	V	w303_scaffold_7	20000-50000	40586	missense_variant	transcript	Mild	0.25	Gene_648520_650211	W3030G03230	c.1006C>G	Leu336Val	MODERATE	W3030G02990	ERG25	YGR060W	649207	downstream	size	225.417	G	L	CAS-55-3	protein_coding	CAS	5.0	10000-50000	W3030G03230	W3030G03230			0	gene	True
Leu336Val	L336V	336.0	C	V	w303_scaffold_7	20000-50000	40586	missense_variant	transcript	Mild	0.25	Gene_648520_650211	W3030G03230	c.1006C>G	Leu336Val	MODERATE	W3030G02990	ERG25	YGR060W	649207	downstream	size	225.417	G	L	CAS-CTRL	protein_coding	CAS	5.0	10000-50000	W3030G03230	W3030G03230			0	gene	True
Leu336Val	L336V	336.0	C	V	w303_scaffold_7	20000-50000	40586	missense_variant	transcript	Mild	0.25	Gene_648520_650211	W3030G03230	c.1006C>G	Leu336Val	MODERATE	W3030G02990	ERG25	YGR060W	649207	downstream	size	225.417	G	L	WTA-55-2	protein_coding	WTA	5.0	10000-50000	W3030G03230	W3030G03230			0	gene	True
Leu336Val	L336V	336.0	C	V	w303_scaffold_7	20000-50000	40586	missense_variant	transcript	Mild	0.25	Gene_648520_650211	W3030G03230	c.1006C>G	Leu336Val	MODERATE	W3030G02990	ERG25	YGR060W	649207	downstream	size	225.417	G	L	STC-55-3	protein_coding	STC	5.0	10000-50000	W3030G03230	W3030G03230			0	gene	True
Leu336Val	L336V	336.0	C	V	w303_scaffold_7	20000-50000	40586	missense_variant	transcript	Mild	0.25	Gene_648520_650211	W3030G03230	c.1006C>G	Leu336Val	MODERATE	W3030G02990	ERG25	YGR060W	649207	downstream	size	225.422	G	L	WTA-55-1	protein_coding	WTA	5.0	10000-50000	W3030G03230	W3030G03230			0	gene	True
Leu336Val	L336V	336.0	C	V	w303_scaffold_7	20000-50000	40586	missense_variant	transcript	Mild	0.25	Gene_648520_650211	W3030G03230	c.1006C>G	Leu336Val	MODERATE	W3030G02990	ERG25	YGR060W	649207	downstream	size	225.417	G	L	WT-37-55-3	protein_coding	WT-37	5.0	10000-50000	W3030G03230	W3030G03230			0	gene	True
Leu336Val	L336V	336.0	C	V	w303_scaffold_7	20000-50000	40586	missense_variant	transcript	Mild	0.25	Gene_648520_650211	W3030G03230	c.1006C>G	Leu336Val	MODERATE	W3030G02990	ERG25	YGR060W	649207	downstream	size	225.417	G	L	WTA-55-3	protein_coding	WTA	5.0	10000-50000	W3030G03230	W3030G03230			0	gene	True
Leu336Val	L336V	336.0	C	V	w303_scaffold_7	20000-50000	40586	missense_variant	transcript	Mild	0.25	Gene_648520_650211	W3030G03230	c.1006C>G	Leu336Val	MODERATE	W3030G02990	ERG25	YGR060W	649207	downstream	size	225.417	G	L	STC-CTRL	protein_coding	STC	5.0	10000-50000	W3030G03230	W3030G03230			0	gene	True
Leu336Val	L336V	336.0	C	V	w303_scaffold_7	20000-50000	40586	missense_variant	transcript	Mild	0.25	Gene_648520_650211	W3030G03230	c.1006C>G	Leu336Val	MODERATE	W3030G02990	ERG25	YGR060W	649207	downstream	size	225.417	G	L	WT-CTRL	protein_coding	WT	5.0	10000-50000	W3030G03230	W3030G03230			0	gene	True
Leu336Val	L336V	336.0	C	V	w303_scaffold_7	20000-50000	40586	missense_variant	transcript	Mild	0.25	Gene_648520_650211	W3030G03230	c.1006C>G	Leu336Val	MODERATE	W3030G02990	ERG25	YGR060W	649207	downstream	size	225.417	G	L	CAS-55-1	protein_coding	CAS	5.0	10000-50000	W3030G03230	W3030G03230			0	gene	True
Leu336Val	L336V	336.0	C	V	w303_scaffold_7	20000-50000	40586	missense_variant	transcript	Mild	0.25	Gene_648520_650211	W3030G03230	c.1006C>G	Leu336Val	MODERATE	W3030G02990	ERG25	YGR060W	649207	downstream	size	225.417	G	L	CAS-55-2	protein_coding	CAS	5.0	10000-50000	W3030G03230	W3030G03230			0	gene	True
Asp55Tyr	D55Y	55.0	A	Y	w303_scaffold_16	20000-50000	40870	missense_variant	transcript	Moderate	0.75	Gene_342178_343842	W3030P01730	c.163G>T	Asp55Tyr	MODERATE	W3030P01520	ERG5	YMR015C	343681	downstream	charge, size, polarity	225.417	C	D	WT-37-55-2	protein_coding	WT-37	7.0	10000-50000	W3030P01730	W3030P01730			0	gene	True
Asp55Tyr	D55Y	55.0	A	Y	w303_scaffold_16	20000-50000	40870	missense_variant	transcript	Moderate	0.75	Gene_342178_343842	W3030P01730	c.163G>T	Asp55Tyr	MODERATE	W3030P01520	ERG5	YMR015C	343681	downstream	charge, size, polarity	225.417	C	D	WT-37-55-1	protein_coding	WT-37	7.0	10000-50000	W3030P01730	W3030P01730			0	gene	True
Asp55Tyr	D55Y	55.0	A	Y	w303_scaffold_16	20000-50000	40870	missense_variant	transcript	Moderate	0.75	Gene_342178_343842	W3030P01730	c.163G>T	Asp55Tyr	MODERATE	W3030P01520	ERG5	YMR015C	343681	downstream	charge, size, polarity	225.417	C	D	WT-37-55-3	protein_coding	WT-37	7.0	10000-50000	W3030P01730	W3030P01730			0	gene	True
	L336V		G	V	w303_scaffold_8	20000-50000	40943	frameshift_variant&stop_lost&splice_region_variant	transcript	Unknown	0.0	Gene_74784_74999	W3030H00410	c.185_*18delNNNNNNNNNNCCCCCCGCCGGTAGATCTGTAAAAACCGGCTTGGTGGCTG	???62fs	HIGH	W3030H00650	ERG11	YHR007C	74766	upstream	Unknown	56.2445	GCAGCCACCAAGCCGGTTTTTACAGATCTACCGGCGGGGGGNNNNNNNNNN	L	WT-37-55-2	protein_coding	WT-37	4.0	10000-50000	W3030H00410	W3030H00410			19	gene	False
	L336V		G	V	w303_scaffold_8	20000-50000	40943	frameshift_variant&stop_lost&splice_region_variant	transcript	Unknown	0.0	Gene_74784_74999	W3030H00410	c.185_*18delNNNNNNNNNNCCCCCCGCCGGTAGATCTGTAAAAACCGGCTTGGTGGCTG	???62fs	HIGH	W3030H00650	ERG11	YHR007C	74766	upstream	Unknown	48.251	GCAGCCACCAAGCCGGTTTTTACAGATCTACCGGCGGGGGGNNNNNNNNNN	L	WT-37-55-3	protein_coding	WT-37	4.0	10000-50000	W3030H00410	W3030H00410			19	gene	False
	L336V		G	V	w303_scaffold_8	20000-50000	40943	frameshift_variant&stop_lost&splice_region_variant	transcript	Unknown	0.0	Gene_74784_74999	W3030H00410	c.185_*18delNNNNNNNNNNCCCCCCGCCGGTAGATCTGTAAAAACCGGCTTGGTGGCTG	???62fs	HIGH	W3030H00650	ERG11	YHR007C	74766	upstream	Unknown	33.9897	GCAGCCACCAAGCCGGTTTTTACAGATCTACCGGCGGGGGGNNNNNNNNNN	L	WTA-55-3	protein_coding	WTA	4.0	10000-50000	W3030H00410	W3030H00410			19	gene	False
	L336V		G	V	w303_scaffold_8	20000-50000	40943	frameshift_variant&stop_lost&splice_region_variant	transcript	Unknown	0.0	Gene_74784_74999	W3030H00410	c.185_*18delNNNNNNNNNNCCCCCCGCCGGTAGATCTGTAAAAACCGGCTTGGTGGCTG	???62fs	HIGH	W3030H00650	ERG11	YHR007C	74766	upstream	Unknown	29.8138	GCAGCCACCAAGCCGGTTTTTACAGATCTACCGGCGGGGGGNNNNNNNNNN	L	STC-CTRL	protein_coding	STC	4.0	10000-50000	W3030H00410	W3030H00410			19	gene	False
Gln467Glu	Q467E	467.0	C	E	w303_scaffold_16	20000-50000	42631	missense_variant	transcript	Mild	0.5	Gene_344725_346839	W3030P01740	c.1399C>G	Gln467Glu	MODERATE	W3030P01520	ERG5	YMR015C	345442	downstream	charge, polarity	225.417	G	Q	CAS-CTRL	protein_coding	CAS	6.0	10000-50000	W3030P01740	W3030P01740			0	gene	True
Gly535Arg	G535R	535.0	A	R	w303_scaffold_12	20000-50000	47606	missense_variant	transcript	Severe	1.0	Gene_219868_223377	W3030L01080	c.1603G>A	Gly535Arg	MODERATE	W3030L01320	ERG3	YLR056W	221471	upstream	hydrophobic, charge, size, polarity	225.417	G	G	STC-CTRL	protein_coding	STC	8.0	10000-50000	W3030L01080	W3030L01080			0	gene	True
Gly535Arg	G535R	535.0	A	R	w303_scaffold_12	20000-50000	47606	missense_variant	transcript	Severe	1.0	Gene_219868_223377	W3030L01080	c.1603G>A	Gly535Arg	MODERATE	W3030L01320	ERG3	YLR056W	221471	upstream	hydrophobic, charge, size, polarity	225.417	G	G	WT-37-55-1	protein_coding	WT-37	8.0	10000-50000	W3030L01080	W3030L01080			0	gene	True
Gly535Arg	G535R	535.0	A	R	w303_scaffold_12	20000-50000	47606	missense_variant	transcript	Severe	1.0	Gene_219868_223377	W3030L01080	c.1603G>A	Gly535Arg	MODERATE	W3030L01320	ERG3	YLR056W	221471	upstream	hydrophobic, charge, size, polarity	225.417	G	G	CAS-55-3	protein_coding	CAS	8.0	10000-50000	W3030L01080	W3030L01080			0	gene	True
Gly535Arg	G535R	535.0	A	R	w303_scaffold_12	20000-50000	47606	missense_variant	transcript	Severe	1.0	Gene_219868_223377	W3030L01080	c.1603G>A	Gly535Arg	MODERATE	W3030L01320	ERG3	YLR056W	221471	upstream	hydrophobic, charge, size, polarity	225.417	G	G	CAS-CTRL	protein_coding	CAS	8.0	10000-50000	W3030L01080	W3030L01080			0	gene	True
Gly535Arg	G535R	535.0	A	R	w303_scaffold_12	20000-50000	47606	missense_variant	transcript	Severe	1.0	Gene_219868_223377	W3030L01080	c.1603G>A	Gly535Arg	MODERATE	W3030L01320	ERG3	YLR056W	221471	upstream	hydrophobic, charge, size, polarity	225.417	G	G	WTA-55-3	protein_coding	WTA	8.0	10000-50000	W3030L01080	W3030L01080			0	gene	True
Gly535Arg	G535R	535.0	A	R	w303_scaffold_12	20000-50000	47606	missense_variant	transcript	Severe	1.0	Gene_219868_223377	W3030L01080	c.1603G>A	Gly535Arg	MODERATE	W3030L01320	ERG3	YLR056W	221471	upstream	hydrophobic, charge, size, polarity	225.417	G	G	WT-37-55-2	protein_coding	WT-37	8.0	10000-50000	W3030L01080	W3030L01080			0	gene	True
Gly535Arg	G535R	535.0	A	R	w303_scaffold_12	20000-50000	47606	missense_variant	transcript	Severe	1.0	Gene_219868_223377	W3030L01080	c.1603G>A	Gly535Arg	MODERATE	W3030L01320	ERG3	YLR056W	221471	upstream	hydrophobic, charge, size, polarity	225.417	G	G	WTA-55-2	protein_coding	WTA	8.0	10000-50000	W3030L01080	W3030L01080			0	gene	True
Gly535Arg	G535R	535.0	A	R	w303_scaffold_12	20000-50000	47606	missense_variant	transcript	Severe	1.0	Gene_219868_223377	W3030L01080	c.1603G>A	Gly535Arg	MODERATE	W3030L01320	ERG3	YLR056W	221471	upstream	hydrophobic, charge, size, polarity	225.417	G	G	STC-55-2	protein_coding	STC	8.0	10000-50000	W3030L01080	W3030L01080			0	gene	True
Gly535Arg	G535R	535.0	A	R	w303_scaffold_12	20000-50000	47606	missense_variant	transcript	Severe	1.0	Gene_219868_223377	W3030L01080	c.1603G>A	Gly535Arg	MODERATE	W3030L01320	ERG3	YLR056W	221471	upstream	hydrophobic, charge, size, polarity	225.422	G	G	WTA-55-1	protein_coding	WTA	8.0	10000-50000	W3030L01080	W3030L01080			0	gene	True
Gly535Arg	G535R	535.0	A	R	w303_scaffold_12	20000-50000	47606	missense_variant	transcript	Severe	1.0	Gene_219868_223377	W3030L01080	c.1603G>A	Gly535Arg	MODERATE	W3030L01320	ERG3	YLR056W	221471	upstream	hydrophobic, charge, size, polarity	225.417	G	G	STC-55-3	protein_coding	STC	8.0	10000-50000	W3030L01080	W3030L01080			0	gene	True
Gly535Arg	G535R	535.0	A	R	w303_scaffold_12	20000-50000	47606	missense_variant	transcript	Severe	1.0	Gene_219868_223377	W3030L01080	c.1603G>A	Gly535Arg	MODERATE	W3030L01320	ERG3	YLR056W	221471	upstream	hydrophobic, charge, size, polarity	228.412	G	G	WT-CTRL	protein_coding	WT	8.0	10000-50000	W3030L01080	W3030L01080			0	gene	True
Gly535Arg	G535R	535.0	A	R	w303_scaffold_12	20000-50000	47606	missense_variant	transcript	Severe	1.0	Gene_219868_223377	W3030L01080	c.1603G>A	Gly535Arg	MODERATE	W3030L01320	ERG3	YLR056W	221471	upstream	hydrophobic, charge, size, polarity	225.417	G	G	WT-37-55-3	protein_coding	WT-37	8.0	10000-50000	W3030L01080	W3030L01080			0	gene	True
Gly535Arg	G535R	535.0	A	R	w303_scaffold_12	20000-50000	47606	missense_variant	transcript	Severe	1.0	Gene_219868_223377	W3030L01080	c.1603G>A	Gly535Arg	MODERATE	W3030L01320	ERG3	YLR056W	221471	upstream	hydrophobic, charge, size, polarity	225.417	G	G	STC-55-1	protein_coding	STC	8.0	10000-50000	W3030L01080	W3030L01080			0	gene	True
Gly535Arg	G535R	535.0	A	R	w303_scaffold_12	20000-50000	47606	missense_variant	transcript	Severe	1.0	Gene_219868_223377	W3030L01080	c.1603G>A	Gly535Arg	MODERATE	W3030L01320	ERG3	YLR056W	221471	upstream	hydrophobic, charge, size, polarity	225.417	G	G	CAS-55-1	protein_coding	CAS	8.0	10000-50000	W3030L01080	W3030L01080			0	gene	True
Gly535Arg	G535R	535.0	A	R	w303_scaffold_12	20000-50000	47606	missense_variant	transcript	Severe	1.0	Gene_219868_223377	W3030L01080	c.1603G>A	Gly535Arg	MODERATE	W3030L01320	ERG3	YLR056W	221471	upstream	hydrophobic, charge, size, polarity	225.417	G	G	CAS-55-2	protein_coding	CAS	8.0	10000-50000	W3030L01080	W3030L01080			0	gene	True
	L336V		CA	V	w303_scaffold_8	20000-50000	47676	frameshift_variant	transcript	Severe	1.0	Gene_297170_297751	W3030H01660	c.384dupA	Ser129fs	HIGH	W3030H01440	ERG7	YHR072W	297546	downstream	Protein structure disruption	228.405	C	L	WTA-55-2	protein_coding	WTA	10.0	10000-50000	W3030H01660	W3030H01660			0	gene	True
	L336V		CA	V	w303_scaffold_8	20000-50000	47676	frameshift_variant	transcript	Severe	1.0	Gene_297170_297751	W3030H01660	c.384dupA	Ser129fs	HIGH	W3030H01440	ERG7	YHR072W	297546	downstream	Protein structure disruption	228.309	C	L	WTA-55-1	protein_coding	WTA	10.0	10000-50000	W3030H01660	W3030H01660			0	gene	True
	L336V		CA	V	w303_scaffold_8	20000-50000	47676	frameshift_variant	transcript	Severe	1.0	Gene_297170_297751	W3030H01660	c.384dupA	Ser129fs	HIGH	W3030H01440	ERG7	YHR072W	297546	downstream	Protein structure disruption	228.284	C	L	WT-CTRL	protein_coding	WT	10.0	10000-50000	W3030H01660	W3030H01660			0	gene	True
	L336V		CA	V	w303_scaffold_8	20000-50000	47676	frameshift_variant	transcript	Severe	1.0	Gene_297170_297751	W3030H01660	c.384dupA	Ser129fs	HIGH	W3030H01440	ERG7	YHR072W	297546	downstream	Protein structure disruption	228.389	C	L	STC-CTRL	protein_coding	STC	10.0	10000-50000	W3030H01660	W3030H01660			0	gene	True
	L336V		CA	V	w303_scaffold_8	20000-50000	47676	frameshift_variant	transcript	Severe	1.0	Gene_297170_297751	W3030H01660	c.384dupA	Ser129fs	HIGH	W3030H01440	ERG7	YHR072W	297546	downstream	Protein structure disruption	228.345	C	L	CAS-55-2	protein_coding	CAS	10.0	10000-50000	W3030H01660	W3030H01660			0	gene	True
	L336V		CA	V	w303_scaffold_8	20000-50000	47676	frameshift_variant	transcript	Severe	1.0	Gene_297170_297751	W3030H01660	c.384dupA	Ser129fs	HIGH	W3030H01440	ERG7	YHR072W	297546	downstream	Protein structure disruption	228.351	C	L	WT-37-55-1	protein_coding	WT-37	10.0	10000-50000	W3030H01660	W3030H01660			0	gene	True
	L336V		CA	V	w303_scaffold_8	20000-50000	47676	frameshift_variant	transcript	Severe	1.0	Gene_297170_297751	W3030H01660	c.384dupA	Ser129fs	HIGH	W3030H01440	ERG7	YHR072W	297546	downstream	Protein structure disruption	228.4	C	L	STC-55-3	protein_coding	STC	10.0	10000-50000	W3030H01660	W3030H01660			0	gene	True
	L336V		CA	V	w303_scaffold_8	20000-50000	47676	frameshift_variant	transcript	Severe	1.0	Gene_297170_297751	W3030H01660	c.384dupA	Ser129fs	HIGH	W3030H01440	ERG7	YHR072W	297546	downstream	Protein structure disruption	228.339	C	L	CAS-55-3	protein_coding	CAS	10.0	10000-50000	W3030H01660	W3030H01660			0	gene	True
	L336V		CA	V	w303_scaffold_8	20000-50000	47676	frameshift_variant	transcript	Severe	1.0	Gene_297170_297751	W3030H01660	c.384dupA	Ser129fs	HIGH	W3030H01440	ERG7	YHR072W	297546	downstream	Protein structure disruption	228.364	C	L	CAS-CTRL	protein_coding	CAS	10.0	10000-50000	W3030H01660	W3030H01660			0	gene	True
	L336V		CA	V	w303_scaffold_8	20000-50000	47676	frameshift_variant	transcript	Severe	1.0	Gene_297170_297751	W3030H01660	c.384dupA	Ser129fs	HIGH	W3030H01440	ERG7	YHR072W	297546	downstream	Protein structure disruption	228.345	C	L	WTA-55-3	protein_coding	WTA	10.0	10000-50000	W3030H01660	W3030H01660			0	gene	True
	L336V		CA	V	w303_scaffold_8	20000-50000	47676	frameshift_variant	transcript	Severe	1.0	Gene_297170_297751	W3030H01660	c.384dupA	Ser129fs	HIGH	W3030H01440	ERG7	YHR072W	297546	downstream	Protein structure disruption	228.381	C	L	STC-55-2	protein_coding	STC	10.0	10000-50000	W3030H01660	W3030H01660			0	gene	True
	L336V		CA	V	w303_scaffold_8	20000-50000	47676	frameshift_variant	transcript	Severe	1.0	Gene_297170_297751	W3030H01660	c.384dupA	Ser129fs	HIGH	W3030H01440	ERG7	YHR072W	297546	downstream	Protein structure disruption	228.323	C	L	WT-37-55-2	protein_coding	WT-37	10.0	10000-50000	W3030H01660	W3030H01660			0	gene	True
	L135F		CA	F	w303_scaffold_8	20000-50000	47676	frameshift_variant	transcript	Severe	1.0	Gene_297170_297751	W3030H01660	c.384dupA	Ser129fs	HIGH	W3030H01440	ERG7	YHR072W	297546	downstream	Protein structure disruption	228.28	C	L	STC-55-1	protein_coding	STC	10.0	10000-50000	W3030H01660	W3030H01660			0	gene	True
	L336V		CA	V	w303_scaffold_8	20000-50000	47676	frameshift_variant	transcript	Severe	1.0	Gene_297170_297751	W3030H01660	c.384dupA	Ser129fs	HIGH	W3030H01440	ERG7	YHR072W	297546	downstream	Protein structure disruption	228.237	C	L	CAS-55-1	protein_coding	CAS	10.0	10000-50000	W3030H01660	W3030H01660			0	gene	True
	L336V		CA	V	w303_scaffold_8	20000-50000	47676	frameshift_variant	transcript	Severe	1.0	Gene_297170_297751	W3030H01660	c.384dupA	Ser129fs	HIGH	W3030H01440	ERG7	YHR072W	297546	downstream	Protein structure disruption	228.381	C	L	WT-37-55-3	protein_coding	WT-37	10.0	10000-50000	W3030H01660	W3030H01660			0	gene	True
